25	ERROR	SEM_MISSING_IMPLEMENTATION	Type is missing implementation for 'destroy()'	src\main\java\dev\railroadide\railroad\java\cli\impl\JarCLIBuilder.java:23:1 | src\main\java\dev\railroadide\railroad\java\cli\impl\JarsignerCLIBuilder.java:22:1 | src\main\java\dev\railroadide\railroad\java\cli\impl\JavaExecutableCLIBuilder.java:30:1 | src\main\java\dev\railroadide\railroad\java\cli\impl\JavadocCLIBuilder.java:31:1 | src\main\java\dev\railroadide\railroad\java\cli\impl\JavapCLIBuilder.java:23:1
25	ERROR	SEM_MISSING_IMPLEMENTATION	Type is missing implementation for 'waitFor()'	src\main\java\dev\railroadide\railroad\java\cli\impl\JarCLIBuilder.java:23:1 | src\main\java\dev\railroadide\railroad\java\cli\impl\JarsignerCLIBuilder.java:22:1 | src\main\java\dev\railroadide\railroad\java\cli\impl\JavaExecutableCLIBuilder.java:30:1 | src\main\java\dev\railroadide\railroad\java\cli\impl\JavadocCLIBuilder.java:31:1 | src\main\java\dev\railroadide\railroad\java\cli\impl\JavapCLIBuilder.java:23:1
25	ERROR	SEM_MISSING_IMPLEMENTATION	Type is missing implementation for 'getErrorStream()'	src\main\java\dev\railroadide\railroad\java\cli\impl\JarCLIBuilder.java:23:1 | src\main\java\dev\railroadide\railroad\java\cli\impl\JarsignerCLIBuilder.java:22:1 | src\main\java\dev\railroadide\railroad\java\cli\impl\JavaExecutableCLIBuilder.java:30:1 | src\main\java\dev\railroadide\railroad\java\cli\impl\JavadocCLIBuilder.java:31:1 | src\main\java\dev\railroadide\railroad\java\cli\impl\JavapCLIBuilder.java:23:1
25	ERROR	SEM_MISSING_IMPLEMENTATION	Type is missing implementation for 'exitValue()'	src\main\java\dev\railroadide\railroad\java\cli\impl\JarCLIBuilder.java:23:1 | src\main\java\dev\railroadide\railroad\java\cli\impl\JarsignerCLIBuilder.java:22:1 | src\main\java\dev\railroadide\railroad\java\cli\impl\JavaExecutableCLIBuilder.java:30:1 | src\main\java\dev\railroadide\railroad\java\cli\impl\JavadocCLIBuilder.java:31:1 | src\main\java\dev\railroadide\railroad\java\cli\impl\JavapCLIBuilder.java:23:1
25	ERROR	SEM_MISSING_IMPLEMENTATION	Type is missing implementation for 'getInputStream()'	src\main\java\dev\railroadide\railroad\java\cli\impl\JarCLIBuilder.java:23:1 | src\main\java\dev\railroadide\railroad\java\cli\impl\JarsignerCLIBuilder.java:22:1 | src\main\java\dev\railroadide\railroad\java\cli\impl\JavaExecutableCLIBuilder.java:30:1 | src\main\java\dev\railroadide\railroad\java\cli\impl\JavadocCLIBuilder.java:31:1 | src\main\java\dev\railroadide\railroad\java\cli\impl\JavapCLIBuilder.java:23:1
25	ERROR	SEM_MISSING_IMPLEMENTATION	Type is missing implementation for 'compareTo(T)'	src\main\java\dev\railroadide\railroad\form\impl\CheckBoxComponent.java:29:1 | src\main\java\dev\railroadide\railroad\form\impl\CheckBoxComponent.java:94:5 | src\main\java\dev\railroadide\railroad\form\impl\DirectoryChooserComponent.java:32:1 | src\main\java\dev\railroadide\railroad\form\impl\DirectoryChooserComponent.java:119:5 | src\main\java\dev\railroadide\railroad\form\impl\FileChooserComponent.java:27:1
25	ERROR	SEM_MISSING_IMPLEMENTATION	Type is missing implementation for 'getOutputStream()'	src\main\java\dev\railroadide\railroad\java\cli\impl\JarCLIBuilder.java:23:1 | src\main\java\dev\railroadide\railroad\java\cli\impl\JarsignerCLIBuilder.java:22:1 | src\main\java\dev\railroadide\railroad\java\cli\impl\JavaExecutableCLIBuilder.java:30:1 | src\main\java\dev\railroadide\railroad\java\cli\impl\JavadocCLIBuilder.java:31:1 | src\main\java\dev\railroadide\railroad\java\cli\impl\JavapCLIBuilder.java:23:1
9	ERROR	SEM_MISSING_IMPLEMENTATION	Type is missing implementation for 'write(com.google.gson.stream.JsonWriter,T)'	src\main\java\dev\railroadide\railroad\project\creation\modjson\adapter\EntrypointListTypeAdapter.java:14:1 | src\main\java\dev\railroadide\railroad\project\creation\modjson\adapter\IconTypeAdapter.java:14:1 | src\main\java\dev\railroadide\railroad\project\creation\modjson\adapter\MixinListTypeAdapter.java:14:1 | src\main\java\dev\railroadide\railroad\project\creation\modjson\adapter\PersonListTypeAdapter.java:14:1 | src\main\java\dev\railroadide\railroad\project\creation\modjson\adapter\StringOrStringArrayTypeAdapter.java:13:1
7	ERROR	SEM_MISSING_IMPLEMENTATION	Type is missing implementation for 'getDescription()'	src\main\java\dev\railroadide\railroad\gradle\ui\deps\GradleDependenciesPane.java:15:1 | src\main\java\dev\railroadide\railroad\gradle\ui\deps\GradleDependencyTreeBuilder.java:18:1 | src\main\java\dev\railroadide\railroad\gradle\ui\task\GradleTaskTreeBuilder.java:23:1 | src\main\java\dev\railroadide\railroad\gradle\ui\task\GradleTasksPane.java:17:1 | src\main\java\dev\railroadide\railroad\plugin\defaults\DefaultPluginDescriptor.java:11:1
7	ERROR	SEM_MISSING_IMPLEMENTATION	Type is missing implementation for 'getName()'	src\main\java\dev\railroadide\railroad\gradle\ui\deps\GradleDependenciesPane.java:15:1 | src\main\java\dev\railroadide\railroad\gradle\ui\deps\GradleDependencyTreeBuilder.java:18:1 | src\main\java\dev\railroadide\railroad\gradle\ui\task\GradleTaskTreeBuilder.java:23:1 | src\main\java\dev\railroadide\railroad\gradle\ui\task\GradleTasksPane.java:17:1 | src\main\java\dev\railroadide\railroad\ide\diagnostics\EditorDiagnostic.java:10:1
6	ERROR	SEM_MISSING_IMPLEMENTATION	Type is missing implementation for 'fromJson(T)'	src\main\java\dev\railroadide\railroad\config\Config.java:15:1 | src\main\java\dev\railroadide\railroad\project\RailroadProject.java:45:1 | src\main\java\dev\railroadide\railroad\settings\handler\SettingsHolder.java:19:1 | src\main\java\dev\railroadide\railroad\ui\nodes\ProjectListCell.java:37:1 | src\test\java\dev\railroadide\railroad\ide\language\index\ProjectLanguageIndexCoordinatorTest.java:118:5
5	ERROR	SEM_MISSING_IMPLEMENTATION	Type is missing implementation for 'add(int,E)'	src\main\java\dev\railroadide\railroad\project\creation\modjson\EntrypointContainer.java:9:1 | src\main\java\dev\railroadide\railroad\project\creation\modjson\adapter\EntrypointListTypeAdapter.java:14:1 | src\main\java\dev\railroadide\railroad\project\creation\modjson\adapter\MixinListTypeAdapter.java:14:1 | src\main\java\dev\railroadide\railroad\project\creation\modjson\adapter\PersonListTypeAdapter.java:14:1 | src\main\java\dev\railroadide\railroad\project\creation\modjson\adapter\StringOrStringArrayTypeAdapter.java:13:1
5	ERROR	SEM_MISSING_IMPLEMENTATION	Type is missing implementation for 'lastIndexOf(java.lang.Object)'	src\main\java\dev\railroadide\railroad\project\creation\modjson\EntrypointContainer.java:9:1 | src\main\java\dev\railroadide\railroad\project\creation\modjson\adapter\EntrypointListTypeAdapter.java:14:1 | src\main\java\dev\railroadide\railroad\project\creation\modjson\adapter\MixinListTypeAdapter.java:14:1 | src\main\java\dev\railroadide\railroad\project\creation\modjson\adapter\PersonListTypeAdapter.java:14:1 | src\main\java\dev\railroadide\railroad\project\creation\modjson\adapter\StringOrStringArrayTypeAdapter.java:13:1
5	ERROR	SEM_MISSING_IMPLEMENTATION	Type is missing implementation for 'addAll(int,java.util.Collection)'	src\main\java\dev\railroadide\railroad\project\creation\modjson\EntrypointContainer.java:9:1 | src\main\java\dev\railroadide\railroad\project\creation\modjson\adapter\EntrypointListTypeAdapter.java:14:1 | src\main\java\dev\railroadide\railroad\project\creation\modjson\adapter\MixinListTypeAdapter.java:14:1 | src\main\java\dev\railroadide\railroad\project\creation\modjson\adapter\PersonListTypeAdapter.java:14:1 | src\main\java\dev\railroadide\railroad\project\creation\modjson\adapter\StringOrStringArrayTypeAdapter.java:13:1
5	ERROR	SEM_MISSING_IMPLEMENTATION	Type is missing implementation for 'removeAll(java.util.Collection)'	src\main\java\dev\railroadide\railroad\project\creation\modjson\EntrypointContainer.java:9:1 | src\main\java\dev\railroadide\railroad\project\creation\modjson\adapter\EntrypointListTypeAdapter.java:14:1 | src\main\java\dev\railroadide\railroad\project\creation\modjson\adapter\MixinListTypeAdapter.java:14:1 | src\main\java\dev\railroadide\railroad\project\creation\modjson\adapter\PersonListTypeAdapter.java:14:1 | src\main\java\dev\railroadide\railroad\project\creation\modjson\adapter\StringOrStringArrayTypeAdapter.java:13:1
5	ERROR	SEM_MISSING_IMPLEMENTATION	Type is missing implementation for 'contains(java.lang.Object)'	src\main\java\dev\railroadide\railroad\project\creation\modjson\EntrypointContainer.java:9:1 | src\main\java\dev\railroadide\railroad\project\creation\modjson\adapter\EntrypointListTypeAdapter.java:14:1 | src\main\java\dev\railroadide\railroad\project\creation\modjson\adapter\MixinListTypeAdapter.java:14:1 | src\main\java\dev\railroadide\railroad\project\creation\modjson\adapter\PersonListTypeAdapter.java:14:1 | src\main\java\dev\railroadide\railroad\project\creation\modjson\adapter\StringOrStringArrayTypeAdapter.java:13:1
5	ERROR	SEM_MISSING_IMPLEMENTATION	Type is missing implementation for 'listIterator()'	src\main\java\dev\railroadide\railroad\project\creation\modjson\EntrypointContainer.java:9:1 | src\main\java\dev\railroadide\railroad\project\creation\modjson\adapter\EntrypointListTypeAdapter.java:14:1 | src\main\java\dev\railroadide\railroad\project\creation\modjson\adapter\MixinListTypeAdapter.java:14:1 | src\main\java\dev\railroadide\railroad\project\creation\modjson\adapter\PersonListTypeAdapter.java:14:1 | src\main\java\dev\railroadide\railroad\project\creation\modjson\adapter\StringOrStringArrayTypeAdapter.java:13:1
5	ERROR	SEM_MISSING_IMPLEMENTATION	Type is missing implementation for 'toArray(T[])'	src\main\java\dev\railroadide\railroad\project\creation\modjson\EntrypointContainer.java:9:1 | src\main\java\dev\railroadide\railroad\project\creation\modjson\adapter\EntrypointListTypeAdapter.java:14:1 | src\main\java\dev\railroadide\railroad\project\creation\modjson\adapter\MixinListTypeAdapter.java:14:1 | src\main\java\dev\railroadide\railroad\project\creation\modjson\adapter\PersonListTypeAdapter.java:14:1 | src\main\java\dev\railroadide\railroad\project\creation\modjson\adapter\StringOrStringArrayTypeAdapter.java:13:1
5	ERROR	SEM_MISSING_IMPLEMENTATION	Type is missing implementation for 'add(E)'	src\main\java\dev\railroadide\railroad\project\creation\modjson\EntrypointContainer.java:9:1 | src\main\java\dev\railroadide\railroad\project\creation\modjson\adapter\EntrypointListTypeAdapter.java:14:1 | src\main\java\dev\railroadide\railroad\project\creation\modjson\adapter\MixinListTypeAdapter.java:14:1 | src\main\java\dev\railroadide\railroad\project\creation\modjson\adapter\PersonListTypeAdapter.java:14:1 | src\main\java\dev\railroadide\railroad\project\creation\modjson\adapter\StringOrStringArrayTypeAdapter.java:13:1
5	ERROR	SEM_MISSING_IMPLEMENTATION	Type is missing implementation for 'listIterator(int)'	src\main\java\dev\railroadide\railroad\project\creation\modjson\EntrypointContainer.java:9:1 | src\main\java\dev\railroadide\railroad\project\creation\modjson\adapter\EntrypointListTypeAdapter.java:14:1 | src\main\java\dev\railroadide\railroad\project\creation\modjson\adapter\MixinListTypeAdapter.java:14:1 | src\main\java\dev\railroadide\railroad\project\creation\modjson\adapter\PersonListTypeAdapter.java:14:1 | src\main\java\dev\railroadide\railroad\project\creation\modjson\adapter\StringOrStringArrayTypeAdapter.java:13:1
5	ERROR	SEM_MISSING_IMPLEMENTATION	Type is missing implementation for 'set(int,E)'	src\main\java\dev\railroadide\railroad\project\creation\modjson\EntrypointContainer.java:9:1 | src\main\java\dev\railroadide\railroad\project\creation\modjson\adapter\EntrypointListTypeAdapter.java:14:1 | src\main\java\dev\railroadide\railroad\project\creation\modjson\adapter\MixinListTypeAdapter.java:14:1 | src\main\java\dev\railroadide\railroad\project\creation\modjson\adapter\PersonListTypeAdapter.java:14:1 | src\main\java\dev\railroadide\railroad\project\creation\modjson\adapter\StringOrStringArrayTypeAdapter.java:13:1
5	ERROR	SEM_MISSING_IMPLEMENTATION	Type is missing implementation for 'iterator()'	src\main\java\dev\railroadide\railroad\project\creation\modjson\EntrypointContainer.java:9:1 | src\main\java\dev\railroadide\railroad\project\creation\modjson\adapter\EntrypointListTypeAdapter.java:14:1 | src\main\java\dev\railroadide\railroad\project\creation\modjson\adapter\MixinListTypeAdapter.java:14:1 | src\main\java\dev\railroadide\railroad\project\creation\modjson\adapter\PersonListTypeAdapter.java:14:1 | src\main\java\dev\railroadide\railroad\project\creation\modjson\adapter\StringOrStringArrayTypeAdapter.java:13:1
5	ERROR	SEM_MISSING_IMPLEMENTATION	Type is missing implementation for 'indexOf(java.lang.Object)'	src\main\java\dev\railroadide\railroad\project\creation\modjson\EntrypointContainer.java:9:1 | src\main\java\dev\railroadide\railroad\project\creation\modjson\adapter\EntrypointListTypeAdapter.java:14:1 | src\main\java\dev\railroadide\railroad\project\creation\modjson\adapter\MixinListTypeAdapter.java:14:1 | src\main\java\dev\railroadide\railroad\project\creation\modjson\adapter\PersonListTypeAdapter.java:14:1 | src\main\java\dev\railroadide\railroad\project\creation\modjson\adapter\StringOrStringArrayTypeAdapter.java:13:1
5	ERROR	SEM_MISSING_IMPLEMENTATION	Type is missing implementation for 'remove(int)'	src\main\java\dev\railroadide\railroad\project\creation\modjson\EntrypointContainer.java:9:1 | src\main\java\dev\railroadide\railroad\project\creation\modjson\adapter\EntrypointListTypeAdapter.java:14:1 | src\main\java\dev\railroadide\railroad\project\creation\modjson\adapter\MixinListTypeAdapter.java:14:1 | src\main\java\dev\railroadide\railroad\project\creation\modjson\adapter\PersonListTypeAdapter.java:14:1 | src\main\java\dev\railroadide\railroad\project\creation\modjson\adapter\StringOrStringArrayTypeAdapter.java:13:1
5	ERROR	SEM_MISSING_IMPLEMENTATION	Type is missing implementation for 'addAll(java.util.Collection)'	src\main\java\dev\railroadide\railroad\project\creation\modjson\EntrypointContainer.java:9:1 | src\main\java\dev\railroadide\railroad\project\creation\modjson\adapter\EntrypointListTypeAdapter.java:14:1 | src\main\java\dev\railroadide\railroad\project\creation\modjson\adapter\MixinListTypeAdapter.java:14:1 | src\main\java\dev\railroadide\railroad\project\creation\modjson\adapter\PersonListTypeAdapter.java:14:1 | src\main\java\dev\railroadide\railroad\project\creation\modjson\adapter\StringOrStringArrayTypeAdapter.java:13:1
5	ERROR	SEM_MISSING_IMPLEMENTATION	Type is missing implementation for 'containsAll(java.util.Collection)'	src\main\java\dev\railroadide\railroad\project\creation\modjson\EntrypointContainer.java:9:1 | src\main\java\dev\railroadide\railroad\project\creation\modjson\adapter\EntrypointListTypeAdapter.java:14:1 | src\main\java\dev\railroadide\railroad\project\creation\modjson\adapter\MixinListTypeAdapter.java:14:1 | src\main\java\dev\railroadide\railroad\project\creation\modjson\adapter\PersonListTypeAdapter.java:14:1 | src\main\java\dev\railroadide\railroad\project\creation\modjson\adapter\StringOrStringArrayTypeAdapter.java:13:1
5	ERROR	SEM_MISSING_IMPLEMENTATION	Type is missing implementation for 'get(int)'	src\main\java\dev\railroadide\railroad\project\creation\modjson\EntrypointContainer.java:9:1 | src\main\java\dev\railroadide\railroad\project\creation\modjson\adapter\EntrypointListTypeAdapter.java:14:1 | src\main\java\dev\railroadide\railroad\project\creation\modjson\adapter\MixinListTypeAdapter.java:14:1 | src\main\java\dev\railroadide\railroad\project\creation\modjson\adapter\PersonListTypeAdapter.java:14:1 | src\main\java\dev\railroadide\railroad\project\creation\modjson\adapter\StringOrStringArrayTypeAdapter.java:13:1
5	ERROR	SEM_MISSING_IMPLEMENTATION	Type is missing implementation for 'retainAll(java.util.Collection)'	src\main\java\dev\railroadide\railroad\project\creation\modjson\EntrypointContainer.java:9:1 | src\main\java\dev\railroadide\railroad\project\creation\modjson\adapter\EntrypointListTypeAdapter.java:14:1 | src\main\java\dev\railroadide\railroad\project\creation\modjson\adapter\MixinListTypeAdapter.java:14:1 | src\main\java\dev\railroadide\railroad\project\creation\modjson\adapter\PersonListTypeAdapter.java:14:1 | src\main\java\dev\railroadide\railroad\project\creation\modjson\adapter\StringOrStringArrayTypeAdapter.java:13:1
5	ERROR	SEM_MISSING_IMPLEMENTATION	Type is missing implementation for 'subList(int,int)'	src\main\java\dev\railroadide\railroad\project\creation\modjson\EntrypointContainer.java:9:1 | src\main\java\dev\railroadide\railroad\project\creation\modjson\adapter\EntrypointListTypeAdapter.java:14:1 | src\main\java\dev\railroadide\railroad\project\creation\modjson\adapter\MixinListTypeAdapter.java:14:1 | src\main\java\dev\railroadide\railroad\project\creation\modjson\adapter\PersonListTypeAdapter.java:14:1 | src\main\java\dev\railroadide\railroad\project\creation\modjson\adapter\StringOrStringArrayTypeAdapter.java:13:1
5	ERROR	SEM_MISSING_IMPLEMENTATION	Type is missing implementation for 'toArray()'	src\main\java\dev\railroadide\railroad\project\creation\modjson\EntrypointContainer.java:9:1 | src\main\java\dev\railroadide\railroad\project\creation\modjson\adapter\EntrypointListTypeAdapter.java:14:1 | src\main\java\dev\railroadide\railroad\project\creation\modjson\adapter\MixinListTypeAdapter.java:14:1 | src\main\java\dev\railroadide\railroad\project\creation\modjson\adapter\PersonListTypeAdapter.java:14:1 | src\main\java\dev\railroadide\railroad\project\creation\modjson\adapter\StringOrStringArrayTypeAdapter.java:13:1
4	ERROR	SEM_MISSING_IMPLEMENTATION	Type is missing implementation for 'getIcon()'	src\main\java\dev\railroadide\railroad\gradle\ui\tree\GradleTreeCell.java:7:1 | src\main\java\dev\railroadide\railroad\ide\ui\git\commit\changes\CommitChangeTreeCell.java:11:1 | src\main\java\dev\railroadide\railroad\ide\ui\git\commit\changes\CommitTreeItem.java:13:1 | src\main\java\dev\railroadide\railroad\ui\nodes\ProjectListCell.java:37:1
4	ERROR	SEM_MISSING_IMPLEMENTATION	Type is missing implementation for 'remove(java.lang.Object)'	src\main\java\dev\railroadide\railroad\project\creation\modjson\adapter\EntrypointListTypeAdapter.java:14:1 | src\main\java\dev\railroadide\railroad\project\creation\modjson\adapter\MixinListTypeAdapter.java:14:1 | src\main\java\dev\railroadide\railroad\project\creation\modjson\adapter\PersonListTypeAdapter.java:14:1 | src\main\java\dev\railroadide\railroad\project\creation\modjson\adapter\StringOrStringArrayTypeAdapter.java:13:1
4	ERROR	SEM_MISSING_IMPLEMENTATION	Type is missing implementation for 'clear()'	src\main\java\dev\railroadide\railroad\project\creation\modjson\adapter\EntrypointListTypeAdapter.java:14:1 | src\main\java\dev\railroadide\railroad\project\creation\modjson\adapter\MixinListTypeAdapter.java:14:1 | src\main\java\dev\railroadide\railroad\project\creation\modjson\adapter\PersonListTypeAdapter.java:14:1 | src\main\java\dev\railroadide\railroad\project\creation\modjson\adapter\StringOrStringArrayTypeAdapter.java:13:1
4	ERROR	SEM_MISSING_IMPLEMENTATION	Type is missing implementation for 'getDependencies()'	src\main\java\dev\railroadide\railroad\gradle\ui\deps\GradleDependenciesPane.java:15:1 | src\main\java\dev\railroadide\railroad\gradle\ui\deps\GradleDependencyTreeBuilder.java:18:1 | src\main\java\dev\railroadide\railroad\plugin\defaults\DefaultPluginDescriptor.java:11:1 | src\main\java\dev\railroadide\railroad\plugin\ui\PluginsPane.java:394:5
4	ERROR	SEM_MISSING_IMPLEMENTATION	Type is missing implementation for 'size()'	src\main\java\dev\railroadide\railroad\project\creation\modjson\adapter\EntrypointListTypeAdapter.java:14:1 | src\main\java\dev\railroadide\railroad\project\creation\modjson\adapter\MixinListTypeAdapter.java:14:1 | src\main\java\dev\railroadide\railroad\project\creation\modjson\adapter\PersonListTypeAdapter.java:14:1 | src\main\java\dev\railroadide\railroad\project\creation\modjson\adapter\StringOrStringArrayTypeAdapter.java:13:1
3	ERROR	SEM_MISSING_IMPLEMENTATION	Type is missing implementation for 'getLicense()'	src\main\java\dev\railroadide\railroad\plugin\defaults\DefaultPluginDescriptor.java:11:1 | src\main\java\dev\railroadide\railroad\plugin\ui\PluginsPane.java:394:5 | src\main\java\dev\railroadide\railroad\ui\nodes\ProjectListCell.java:37:1
3	ERROR	SEM_MISSING_IMPLEMENTATION	Type is missing implementation for 'getId()'	src\main\java\dev\railroadide\railroad\plugin\defaults\DefaultPluginDescriptor.java:11:1 | src\main\java\dev\railroadide\railroad\registry\BasicRegistry.java:11:1 | src\main\java\dev\railroadide\railroad\registry\OrderedRegistry.java:10:1
3	ERROR	SEM_MISSING_IMPLEMENTATION	Type is missing implementation for 'isEmpty()'	src\main\java\dev\railroadide\railroad\project\creation\modjson\adapter\EntrypointListTypeAdapter.java:14:1 | src\main\java\dev\railroadide\railroad\project\creation\modjson\adapter\MixinListTypeAdapter.java:14:1 | src\main\java\dev\railroadide\railroad\project\creation\modjson\adapter\PersonListTypeAdapter.java:14:1
2	ERROR	SEM_MISSING_IMPLEMENTATION	Type is missing implementation for 'getAuthor()'	src\main\java\dev\railroadide\railroad\plugin\defaults\DefaultPluginDescriptor.java:11:1 | src\main\java\dev\railroadide\railroad\plugin\ui\PluginsPane.java:394:5
2	ERROR	SEM_MISSING_IMPLEMENTATION	Type is missing implementation for 'getGradleManager()'	src\main\java\dev\railroadide\railroad\project\RailroadProject.java:45:1 | src\main\java\dev\railroadide\railroad\ui\nodes\ProjectListCell.java:37:1
2	ERROR	SEM_MISSING_IMPLEMENTATION	Type is missing implementation for 'getWebsite()'	src\main\java\dev\railroadide\railroad\plugin\defaults\DefaultPluginDescriptor.java:11:1 | src\main\java\dev\railroadide\railroad\plugin\ui\PluginsPane.java:394:5
2	ERROR	SEM_MISSING_IMPLEMENTATION	Type is missing implementation for 'getVersion()'	src\main\java\dev\railroadide\railroad\plugin\defaults\DefaultPluginDescriptor.java:11:1 | src\main\java\dev\railroadide\railroad\plugin\ui\PluginsPane.java:394:5
2	ERROR	SEM_MISSING_IMPLEMENTATION	Type is missing implementation for 'getGitManager()'	src\main\java\dev\railroadide\railroad\project\RailroadProject.java:45:1 | src\main\java\dev\railroadide\railroad\ui\nodes\ProjectListCell.java:37:1
2	ERROR	SEM_MISSING_IMPLEMENTATION	Type is missing implementation for 'getDoubleClickHandler()'	src\main\java\dev\railroadide\railroad\ide\ui\git\commit\changes\CommitChangeTreeCell.java:11:1 | src\main\java\dev\railroadide\railroad\ide\ui\git\commit\changes\CommitTreeItem.java:13:1
2	ERROR	SEM_MISSING_IMPLEMENTATION	Type is missing implementation for 'getDebuggingManager()'	src\main\java\dev\railroadide\railroad\project\RailroadProject.java:45:1 | src\main\java\dev\railroadide\railroad\ui\nodes\ProjectListCell.java:37:1
2	ERROR	SEM_MISSING_IMPLEMENTATION	Type is missing implementation for 'getDataStore()'	src\main\java\dev\railroadide\railroad\project\RailroadProject.java:45:1 | src\main\java\dev\railroadide\railroad\ui\nodes\ProjectListCell.java:37:1
2	ERROR	SEM_MISSING_IMPLEMENTATION	Type is missing implementation for 'getIconPath()'	src\main\java\dev\railroadide\railroad\plugin\defaults\DefaultPluginDescriptor.java:11:1 | src\main\java\dev\railroadide\railroad\plugin\ui\PluginsPane.java:394:5
2	ERROR	SEM_MISSING_IMPLEMENTATION	Type is missing implementation for 'isTransitive()'	src\main\java\dev\railroadide\railroad\gradle\ui\deps\GradleDependenciesPane.java:15:1 | src\main\java\dev\railroadide\railroad\gradle\ui\deps\GradleDependencyTreeBuilder.java:18:1
2	ERROR	SEM_MISSING_IMPLEMENTATION	Type is missing implementation for 'getAttributes()'	src\main\java\dev\railroadide\railroad\gradle\ui\deps\GradleDependenciesPane.java:15:1 | src\main\java\dev\railroadide\railroad\gradle\ui\deps\GradleDependencyTreeBuilder.java:18:1
2	ERROR	SEM_MISSING_IMPLEMENTATION	Type is missing implementation for 'getChildren()'	src\main\java\dev\railroadide\railroad\gradle\ui\deps\GradleDependencyTreeBuilder.java:18:1 | src\main\java\dev\railroadide\railroad\gradle\ui\task\GradleTaskTreeBuilder.java:23:1
2	ERROR	SEM_MISSING_IMPLEMENTATION	Type is missing implementation for 'getExtendsFrom()'	src\main\java\dev\railroadide\railroad\gradle\ui\deps\GradleDependenciesPane.java:15:1 | src\main\java\dev\railroadide\railroad\gradle\ui\deps\GradleDependencyTreeBuilder.java:18:1
2	ERROR	SEM_MISSING_IMPLEMENTATION	Type is missing implementation for 'getMainClass()'	src\main\java\dev\railroadide\railroad\plugin\defaults\DefaultPluginDescriptor.java:11:1 | src\main\java\dev\railroadide\railroad\plugin\ui\PluginsPane.java:394:5
2	ERROR	SEM_MISSING_IMPLEMENTATION	Type is missing implementation for 'isCanBeConsumed()'	src\main\java\dev\railroadide\railroad\gradle\ui\deps\GradleDependenciesPane.java:15:1 | src\main\java\dev\railroadide\railroad\gradle\ui\deps\GradleDependencyTreeBuilder.java:18:1
2	ERROR	SEM_MISSING_IMPLEMENTATION	Type is missing implementation for 'evaluate(C,dev.railroadide.railroad.plugin.spi.inspection.LanguageInspectionRuleReporter)'	src\main\java\dev\railroadide\railroad\ide\diagnostics\inspections\SimpleJavaInspectionRule.java:11:1 | src\test\java\dev\railroadide\railroad\ide\diagnostics\JavaDiagnosticsProviderTest.java:113:5
2	ERROR	SEM_MISSING_IMPLEMENTATION	Type is missing implementation for 'isCanBeResolved()'	src\main\java\dev\railroadide\railroad\gradle\ui\deps\GradleDependenciesPane.java:15:1 | src\main\java\dev\railroadide\railroad\gradle\ui\deps\GradleDependencyTreeBuilder.java:18:1
2	ERROR	SEM_MISSING_IMPLEMENTATION	Type is missing implementation for 'getRunConfigManager()'	src\main\java\dev\railroadide\railroad\project\RailroadProject.java:45:1 | src\main\java\dev\railroadide\railroad\ui\nodes\ProjectListCell.java:37:1
2	ERROR	SEM_MISSING_IMPLEMENTATION	Type is missing implementation for 'getProject()'	src\main\java\dev\railroadide\railroad\gradle\ui\task\GradleTaskTreeBuilder.java:23:1 | src\main\java\dev\railroadide\railroad\gradle\ui\task\GradleTasksPane.java:17:1
2	ERROR	SEM_MISSING_IMPLEMENTATION	Type is missing implementation for 'getPath()'	src\main\java\dev\railroadide\railroad\gradle\ui\task\GradleTaskTreeBuilder.java:23:1 | src\main\java\dev\railroadide\railroad\gradle\ui\task\GradleTasksPane.java:17:1
2	ERROR	SEM_MISSING_IMPLEMENTATION	Type is missing implementation for 'getArguments()'	src\main\java\dev\railroadide\railroad\gradle\ui\task\GradleTaskTreeBuilder.java:23:1 | src\main\java\dev\railroadide\railroad\gradle\ui\task\GradleTasksPane.java:17:1
2	ERROR	SEM_MISSING_IMPLEMENTATION	Type is missing implementation for 'getGroup()'	src\main\java\dev\railroadide\railroad\gradle\ui\task\GradleTaskTreeBuilder.java:23:1 | src\main\java\dev\railroadide\railroad\gradle\ui\task\GradleTasksPane.java:17:1
2	ERROR	SEM_MISSING_IMPLEMENTATION	Type is missing implementation for 'toUri()'	src\main\java\dev\railroadide\railroad\ide\diagnostics\EditorDiagnostic.java:10:1 | src\main\java\dev\railroadide\railroad\utility\json\PathTypeAdapter.java:11:1
2	ERROR	SEM_MISSING_IMPLEMENTATION	Type is missing implementation for 'isPublic()'	src\main\java\dev\railroadide\railroad\gradle\ui\task\GradleTaskTreeBuilder.java:23:1 | src\main\java\dev\railroadide\railroad\gradle\ui\task\GradleTasksPane.java:17:1
2	ERROR	SEM_MISSING_IMPLEMENTATION	Type is missing implementation for 'getBuildTreePath()'	src\main\java\dev\railroadide\railroad\gradle\ui\task\GradleTaskTreeBuilder.java:23:1 | src\main\java\dev\railroadide\railroad\gradle\ui\task\GradleTasksPane.java:17:1
2	ERROR	SEM_MISSING_IMPLEMENTATION	Type is missing implementation for 'getParent()'	src\main\java\dev\railroadide\railroad\gradle\ui\task\GradleTaskTreeBuilder.java:23:1 | src\main\java\dev\railroadide\railroad\utility\json\PathTypeAdapter.java:11:1
2	ERROR	SEM_MISSING_IMPLEMENTATION	Type is missing implementation for 'module()'	src\main\java\dev\railroadide\railroad\gradle\ui\task\GradleTaskTreeBuilder.java:23:1 | src\main\java\dev\railroadide\railroad\gradle\ui\task\GradleTasksPane.java:17:1
2	ERROR	SEM_MISSING_IMPLEMENTATION	Type is missing implementation for 'getContextMenu(dev.railroadide.railroad.plugin.spi.dto.Project)'	src\main\java\dev\railroadide\railroad\ide\ui\git\commit\changes\CommitChangeTreeCell.java:11:1 | src\main\java\dev\railroadide\railroad\ide\ui\git\commit\changes\CommitTreeItem.java:13:1
2	ERROR	SEM_MISSING_IMPLEMENTATION	Type is missing implementation for 'getSelectionHandler()'	src\main\java\dev\railroadide\railroad\ide\ui\git\commit\changes\CommitChangeTreeCell.java:11:1 | src\main\java\dev\railroadide\railroad\ide\ui\git\commit\changes\CommitTreeItem.java:13:1
2	ERROR	SEM_MISSING_IMPLEMENTATION	Type is missing implementation for 'getType()'	src\main\java\dev\railroadide\railroad\registry\BasicRegistry.java:11:1 | src\main\java\dev\railroadide\railroad\registry\OrderedRegistry.java:10:1
2	ERROR	SEM_MISSING_IMPLEMENTATION	Type is missing implementation for 'getSubtitle()'	src\main\java\dev\railroadide\railroad\ide\ui\git\commit\changes\CommitChangeTreeCell.java:11:1 | src\main\java\dev\railroadide\railroad\ide\ui\git\commit\changes\CommitTreeItem.java:13:1
2	ERROR	SEM_MISSING_IMPLEMENTATION	Type is missing implementation for 'getProjectIdentifier()'	src\main\java\dev\railroadide\railroad\gradle\ui\task\GradleTaskTreeBuilder.java:23:1 | src\main\java\dev\railroadide\railroad\gradle\ui\task\GradleTasksPane.java:17:1
2	ERROR	SEM_MISSING_IMPLEMENTATION	Type is missing implementation for 'getDisplayName()'	src\main\java\dev\railroadide\railroad\gradle\ui\task\GradleTaskTreeBuilder.java:23:1 | src\main\java\dev\railroadide\railroad\gradle\ui\task\GradleTasksPane.java:17:1
2	ERROR	SEM_MISSING_IMPLEMENTATION	Type is missing implementation for 'getTitle()'	src\main\java\dev\railroadide\railroad\ide\ui\git\commit\changes\CommitChangeTreeCell.java:11:1 | src\main\java\dev\railroadide\railroad\ide\ui\git\commit\changes\CommitTreeItem.java:13:1
2	ERROR	SEM_MISSING_IMPLEMENTATION	Type is missing implementation for 'createDetailsNode(T)'	src\main\java\dev\railroadide\railroad\ide\ui\git\branches\GitLocalBranchesListView.java:27:1 | src\main\java\dev\railroadide\railroad\ide\ui\git\branches\GitRemoteBranchesListView.java:22:1
1	ERROR	SEM_MISSING_IMPLEMENTATION	Type is missing implementation for 'withUpdatedFile(I,java.nio.file.Path,F)'	src\main\java\dev\railroadide\railroad\ide\language\impl\index\JavaProjectLanguageIndexer.java:14:1
1	ERROR	SEM_MISSING_IMPLEMENTATION	Type is missing implementation for 'open()'	src\main\java\dev\railroadide\railroad\ui\nodes\ProjectListCell.java:37:1
1	ERROR	SEM_MISSING_IMPLEMENTATION	Type is missing implementation for 'getLastOpened()'	src\main\java\dev\railroadide\railroad\ui\nodes\ProjectListCell.java:37:1
1	ERROR	SEM_MISSING_IMPLEMENTATION	Type is missing implementation for 'delete()'	src\main\java\dev\railroadide\railroad\ide\diagnostics\EditorDiagnostic.java:10:1
1	ERROR	SEM_MISSING_IMPLEMENTATION	Type is missing implementation for 'compare(T,T)'	src\main\java\dev\railroadide\railroad\ide\projectexplorer\PathTreeItemComparator.java:9:1
1	ERROR	SEM_MISSING_IMPLEMENTATION	Type is missing implementation for 'withRemovedFile(I,java.nio.file.Path)'	src\main\java\dev\railroadide\railroad\ide\language\impl\index\JavaProjectLanguageIndexer.java:14:1
1	ERROR	SEM_MISSING_IMPLEMENTATION	Type is missing implementation for 'setLastOpened(long)'	src\main\java\dev\railroadide\railroad\ui\nodes\ProjectListCell.java:37:1
1	ERROR	SEM_MISSING_IMPLEMENTATION	Type is missing implementation for 'setLicense(dev.railroadide.railroad.project.License)'	src\main\java\dev\railroadide\railroad\ui\nodes\ProjectListCell.java:37:1
1	ERROR	SEM_MISSING_IMPLEMENTATION	Type is missing implementation for 'setIcon(javafx.scene.image.Image)'	src\main\java\dev\railroadide\railroad\ui\nodes\ProjectListCell.java:37:1
1	ERROR	SEM_MISSING_IMPLEMENTATION	Type is missing implementation for 'toJson()'	src\main\java\dev\railroadide\railroad\ui\nodes\ProjectListCell.java:37:1
1	ERROR	SEM_MISSING_IMPLEMENTATION	Type is missing implementation for 'setAlias(java.lang.String)'	src\main\java\dev\railroadide\railroad\ui\nodes\ProjectListCell.java:37:1
1	ERROR	SEM_MISSING_IMPLEMENTATION	Type is missing implementation for 'hasFacet(dev.railroadide.railroad.project.facet.FacetType)'	src\main\java\dev\railroadide\railroad\ui\nodes\ProjectListCell.java:37:1
1	ERROR	SEM_MISSING_IMPLEMENTATION	Type is missing implementation for 'getFacet(dev.railroadide.railroad.project.facet.FacetType)'	src\main\java\dev\railroadide\railroad\ui\nodes\ProjectListCell.java:37:1
1	ERROR	SEM_MISSING_IMPLEMENTATION	Type is missing implementation for 'isVisible()'	src\main\java\dev\railroadide\railroad\gradle\ui\deps\GradleDependencyTreeBuilder.java:18:1
1	ERROR	SEM_MISSING_IMPLEMENTATION	Type is missing implementation for 'isNameCompatible(java.lang.String,javax.tools.JavaFileObject$Kind)'	src\main\java\dev\railroadide\railroad\ide\diagnostics\EditorDiagnostic.java:10:1
1	ERROR	SEM_MISSING_IMPLEMENTATION	Type is missing implementation for 'getNestingKind()'	src\main\java\dev\railroadide\railroad\ide\diagnostics\EditorDiagnostic.java:10:1
1	ERROR	SEM_MISSING_IMPLEMENTATION	Type is missing implementation for 'getStyleClass()'	src\main\java\dev\railroadide\railroad\ide\ui\git\commit\changes\CommitTreeItem.java:13:1
1	ERROR	SEM_MISSING_IMPLEMENTATION	Type is missing implementation for 'save(java.nio.file.Path,I)'	src\main\java\dev\railroadide\railroad\ide\sst\project\JavaProjectSemanticPersistence.java:22:1
1	ERROR	SEM_MISSING_IMPLEMENTATION	Type is missing implementation for 'getCurrentProject()'	src\main\java\dev\railroadide\railroad\ide\DefaultIDEStateService.java:16:1
1	ERROR	SEM_MISSING_IMPLEMENTATION	Type is missing implementation for 'openReader(boolean)'	src\main\java\dev\railroadide\railroad\ide\diagnostics\EditorDiagnostic.java:10:1
1	ERROR	SEM_MISSING_IMPLEMENTATION	Type is missing implementation for 'openInputStream()'	src\main\java\dev\railroadide\railroad\ide\diagnostics\EditorDiagnostic.java:10:1
1	ERROR	SEM_MISSING_IMPLEMENTATION	Type is missing implementation for 'openWriter()'	src\main\java\dev\railroadide\railroad\ide\diagnostics\EditorDiagnostic.java:10:1
1	ERROR	SEM_MISSING_IMPLEMENTATION	Type is missing implementation for 'getLastModified()'	src\main\java\dev\railroadide\railroad\ide\diagnostics\EditorDiagnostic.java:10:1
1	ERROR	SEM_MISSING_IMPLEMENTATION	Type is missing implementation for 'getCharContent(boolean)'	src\main\java\dev\railroadide\railroad\ide\diagnostics\EditorDiagnostic.java:10:1
1	ERROR	SEM_MISSING_IMPLEMENTATION	Type is missing implementation for 'openOutputStream()'	src\main\java\dev\railroadide\railroad\ide\diagnostics\EditorDiagnostic.java:10:1
1	ERROR	SEM_MISSING_IMPLEMENTATION	Type is missing implementation for 'getAccessLevel()'	src\main\java\dev\railroadide\railroad\ide\diagnostics\EditorDiagnostic.java:10:1
1	ERROR	SEM_MISSING_IMPLEMENTATION	Type is missing implementation for 'getFacets()'	src\main\java\dev\railroadide\railroad\ui\nodes\ProjectListCell.java:37:1
1	ERROR	SEM_MISSING_IMPLEMENTATION	Type is missing implementation for 'isAbsolute()'	src\main\java\dev\railroadide\railroad\utility\json\PathTypeAdapter.java:11:1
1	ERROR	SEM_MISSING_IMPLEMENTATION	Type is missing implementation for 'getName(int)'	src\main\java\dev\railroadide\railroad\utility\json\PathTypeAdapter.java:11:1
1	ERROR	SEM_MISSING_IMPLEMENTATION	Type is missing implementation for 'subpath(int,int)'	src\main\java\dev\railroadide\railroad\utility\json\PathTypeAdapter.java:11:1
1	ERROR	SEM_MISSING_IMPLEMENTATION	Type is missing implementation for 'compareTo(java.nio.file.Path)'	src\main\java\dev\railroadide\railroad\utility\json\PathTypeAdapter.java:11:1
1	ERROR	SEM_MISSING_IMPLEMENTATION	Type is missing implementation for 'endsWith(java.nio.file.Path)'	src\main\java\dev\railroadide\railroad\utility\json\PathTypeAdapter.java:11:1
1	ERROR	SEM_MISSING_IMPLEMENTATION	Type is missing implementation for 'getFileSystem()'	src\main\java\dev\railroadide\railroad\utility\json\PathTypeAdapter.java:11:1
1	ERROR	SEM_MISSING_IMPLEMENTATION	Type is missing implementation for 'startsWith(java.nio.file.Path)'	src\main\java\dev\railroadide\railroad\utility\json\PathTypeAdapter.java:11:1
1	ERROR	SEM_MISSING_IMPLEMENTATION	Type is missing implementation for 'getFinishButton()'	src\main\java\dev\railroadide\railroad\project\onboarding\ui\BasicOnboardingUI.java:15:1
1	ERROR	SEM_MISSING_IMPLEMENTATION	Type is missing implementation for 'getBackButton()'	src\main\java\dev\railroadide\railroad\project\onboarding\ui\BasicOnboardingUI.java:15:1
1	ERROR	SEM_MISSING_IMPLEMENTATION	Type is missing implementation for 'getNextButton()'	src\main\java\dev\railroadide\railroad\project\onboarding\ui\BasicOnboardingUI.java:15:1
1	ERROR	SEM_MISSING_IMPLEMENTATION	Type is missing implementation for 'getRoot()'	src\main\java\dev\railroadide\railroad\utility\json\PathTypeAdapter.java:11:1
1	ERROR	SEM_MISSING_IMPLEMENTATION	Type is missing implementation for 'getFileName()'	src\main\java\dev\railroadide\railroad\utility\json\PathTypeAdapter.java:11:1
1	ERROR	SEM_MISSING_IMPLEMENTATION	Type is missing implementation for 'getNameCount()'	src\main\java\dev\railroadide\railroad\utility\json\PathTypeAdapter.java:11:1
1	ERROR	SEM_MISSING_IMPLEMENTATION	Type is missing implementation for 'path()'	src\main\java\dev\railroadide\railroad\ui\nodes\ProjectListCell.java:37:1
1	ERROR	SEM_MISSING_IMPLEMENTATION	Type is missing implementation for 'setValue(T)'	src\main\java\dev\railroadide\railroad\ui\localized\LocalizedTextProperty.java:17:1
1	ERROR	SEM_MISSING_IMPLEMENTATION	Type is missing implementation for 'set(T)'	src\main\java\dev\railroadide\railroad\ui\localized\LocalizedTextProperty.java:17:1
1	ERROR	SEM_MISSING_IMPLEMENTATION	Type is missing implementation for 'build(dev.railroadide.railroad.java.JDK)'	src\main\java\dev\railroadide\railroad\ui\nodes\ProjectListCell.java:37:1
1	ERROR	SEM_MISSING_IMPLEMENTATION	Type is missing implementation for 'setDescription(java.lang.String)'	src\main\java\dev\railroadide\railroad\ui\nodes\ProjectListCell.java:37:1
1	ERROR	SEM_MISSING_IMPLEMENTATION	Type is missing implementation for 'getAlias()'	src\main\java\dev\railroadide\railroad\ui\nodes\ProjectListCell.java:37:1
1	ERROR	SEM_MISSING_IMPLEMENTATION	Type is missing implementation for 'toAbsolutePath()'	src\main\java\dev\railroadide\railroad\utility\json\PathTypeAdapter.java:11:1
1	ERROR	SEM_MISSING_IMPLEMENTATION	Type is missing implementation for 'resolve(java.nio.file.Path)'	src\main\java\dev\railroadide\railroad\utility\json\PathTypeAdapter.java:11:1
1	ERROR	SEM_MISSING_IMPLEMENTATION	Type is missing implementation for 'relativize(java.nio.file.Path)'	src\main\java\dev\railroadide\railroad\utility\json\PathTypeAdapter.java:11:1
1	ERROR	SEM_MISSING_IMPLEMENTATION	Type is missing implementation for 'getProfiles()'	src\main\java\dev\railroadide\railroad\vcs\RepositoryManager.java:17:1
1	ERROR	SEM_MISSING_IMPLEMENTATION	Type is missing implementation for 'toRealPath(java.nio.file.LinkOption[])'	src\main\java\dev\railroadide\railroad\utility\json\PathTypeAdapter.java:11:1
1	ERROR	SEM_MISSING_IMPLEMENTATION	Type is missing implementation for 'register(java.nio.file.WatchService,java.nio.file.WatchEvent$Kind[],java.nio.file.WatchEvent$Modifier[])'	src\main\java\dev\railroadide\railroad\utility\json\PathTypeAdapter.java:11:1
1	ERROR	SEM_MISSING_IMPLEMENTATION	Type is missing implementation for 'normalize()'	src\main\java\dev\railroadide\railroad\utility\json\PathTypeAdapter.java:11:1
