139	ERROR	SEM_UNRESOLVED_CALL	Cannot resolve call 'build'	src\main\java\dev\railroadide\railroad\ide\runconfig\defaults\data\CompoundRunConfigurationData.java:80:22 | src\main\java\dev\railroadide\railroad\ide\runconfig\defaults\data\GradleRunConfigurationData.java:138:15 | src\main\java\dev\railroadide\railroad\ide\runconfig\defaults\data\GradleRunConfigurationData.java:137:22 | src\main\java\dev\railroadide\railroad\ide\runconfig\defaults\data\JarApplicationRunConfigurationData.java:82:14 | src\main\java\dev\railroadide\railroad\ide\runconfig\defaults\data\JarApplicationRunConfigurationData.java:81:22
106	ERROR	SEM_UNRESOLVED_CALL	Cannot resolve call 'kind'	src\main\java\dev\railroadide\railroad\ide\diagnostics\inspections\CoreAccessibilityInspection.java:56:51 | src\main\java\dev\railroadide\railroad\ide\diagnostics\inspections\CoreAccessibilityInspection.java:66:53 | src\main\java\dev\railroadide\railroad\ide\diagnostics\inspections\CoreAccessibilityInspection.java:81:60 | src\main\java\dev\railroadide\railroad\ide\diagnostics\inspections\CoreAccessibilityInspection.java:93:53 | src\main\java\dev\railroadide\railroad\ide\diagnostics\inspections\CoreAccessibilityInspection.java:107:34
83	ERROR	SEM_UNRESOLVED_CALL	Cannot resolve call 'addArgs'	src\main\java\dev\railroadide\railroad\vcs\git\GitCommands.java:33:14 | src\main\java\dev\railroadide\railroad\vcs\git\GitCommands.java:47:14 | src\main\java\dev\railroadide\railroad\vcs\git\GitCommands.java:61:14 | src\main\java\dev\railroadide\railroad\vcs\git\GitCommands.java:77:14 | src\main\java\dev\railroadide\railroad\vcs\git\GitCommands.java:76:14
54	ERROR	SEM_UNRESOLVED_CALL	Cannot resolve call 'id'	src\main\java\dev\railroadide\railroad\ide\diagnostics\inspections\CoreAccessibilityInspection.java:56:58 | src\main\java\dev\railroadide\railroad\ide\diagnostics\inspections\CoreAccessibilityInspection.java:66:60 | src\main\java\dev\railroadide\railroad\ide\diagnostics\inspections\CoreAccessibilityInspection.java:81:67 | src\main\java\dev\railroadide\railroad\ide\diagnostics\inspections\CoreAccessibilityInspection.java:93:60 | src\main\java\dev\railroadide\railroad\ide\diagnostics\inspections\CoreAccessibilityInspection.java:107:41
39	ERROR	SEM_UNRESOLVED_CALL	Cannot resolve call 'name'	src\main\java\dev\railroadide\railroad\form\impl\RadioButtonGroupComponent.java:137:46 | src\main\java\dev\railroadide\railroad\gradle\ui\tree\GradleConfigurationElement.java:8:9 | src\main\java\dev\railroadide\railroad\ide\runconfig\defaults\data\CompoundRunConfigurationData.java:112:76 | src\main\java\dev\railroadide\railroad\ide\ui\git\branches\AbstractGitBranchesListView.java:82:68 | src\main\java\dev\railroadide\railroad\ide\ui\git\branches\AbstractGitBranchesListView.java:146:37
31	ERROR	SEM_UNRESOLVED_CALL	Cannot resolve call 'getUnit'	src\main\java\dev\railroadide\railroad\java\cli\impl\JavaExecutableCLIBuilder.java:749:49 | src\main\java\dev\railroadide\railroad\java\cli\impl\JavaExecutableCLIBuilder.java:762:49 | src\main\java\dev\railroadide\railroad\java\cli\impl\JavaExecutableCLIBuilder.java:775:49 | src\main\java\dev\railroadide\railroad\java\cli\impl\JavaExecutableCLIBuilder.java:845:49 | src\main\java\dev\railroadide\railroad\java\cli\impl\JavaExecutableCLIBuilder.java:1134:70
29	ERROR	SEM_UNRESOLVED_CALL	Cannot resolve call 'get'	src\main\java\dev\railroadide\railroad\form\impl\ComboBoxComponent.java:77:93 | src\main\java\dev\railroadide\railroad\form\impl\RadioButtonGroupComponent.java:46:63 | src\main\java\dev\railroadide\railroad\form\impl\RadioButtonGroupComponent.java:107:50 | src\main\java\dev\railroadide\railroad\form\impl\TextAreaComponent.java:46:83 | src\main\java\dev\railroadide\railroad\form\impl\TextAreaComponent.java:102:36
29	ERROR	SEM_UNRESOLVED_CALL	Cannot resolve call 'getPrimaryComponent'	src\main\java\dev\railroadide\railroad\form\impl\CheckBoxComponent.java:59:26 | src\main\java\dev\railroadide\railroad\form\impl\CheckBoxComponent.java:64:47 | src\main\java\dev\railroadide\railroad\form\impl\CheckBoxComponent.java:66:26 | src\main\java\dev\railroadide\railroad\form\impl\CheckBoxComponent.java:88:24 | src\main\java\dev\railroadide\railroad\form\impl\ComboBoxComponent.java:95:39
26	ERROR	SEM_UNRESOLVED_CALL	Cannot resolve call 'toString'	src\main\java\dev\railroadide\railroad\form\impl\CheckBoxComponent.java:205:45 | src\main\java\dev\railroadide\railroad\form\impl\ComboBoxComponent.java:63:170 | src\main\java\dev\railroadide\railroad\form\impl\ComboBoxComponent.java:382:45 | src\main\java\dev\railroadide\railroad\form\impl\DirectoryChooserComponent.java:274:45 | src\main\java\dev\railroadide\railroad\form\impl\FileChooserComponent.java:185:42
24	ERROR	SEM_UNRESOLVED_CALL	Cannot resolve call 'stream'	src\main\java\dev\railroadide\railroad\gradle\ui\deps\GradleDependenciesPane.java:32:59 | src\main\java\dev\railroadide\railroad\ide\language\impl\index\JavaLanguageIndexContextContributor.java:215:46 | src\main\java\dev\railroadide\railroad\ide\runconfig\defaults\data\GradleRunConfigurationData.java:316:49 | src\main\java\dev\railroadide\railroad\ide\runconfig\defaults\data\GradleRunConfigurationData.java:317:54 | src\main\java\dev\railroadide\railroad\ide\sst\impl\java\JavaLexer.java:413:18
23	ERROR	SEM_UNRESOLVED_CALL	Cannot resolve call 'toLowerCase'	src\main\java\dev\railroadide\railroad\ide\language\impl\index\JavaAnalysisContextProvider.java:142:34 | src\main\java\dev\railroadide\railroad\ide\runconfig\defaults\data\CompoundRunConfigurationData.java:112:84 | src\main\java\dev\railroadide\railroad\ide\runconfig\ui\RunConfigurationEditorPane.java:189:46 | src\main\java\dev\railroadide\railroad\ide\ui\git\branches\AbstractGitBranchesListView.java:81:71 | src\main\java\dev\railroadide\railroad\ide\ui\git\branches\AbstractGitBranchesListView.java:82:75
22	ERROR	SEM_UNRESOLVED_CALL	Cannot resolve call 'equals'	src\main\java\dev\railroadide\railroad\ide\diagnostics\inspections\CoreFieldCanBeLocalVariableInspection.java:39:35 | src\main\java\dev\railroadide\railroad\ide\language\impl\index\JavaProjectLanguageIndexer.java:49:23 | src\main\java\dev\railroadide\railroad\ide\language\impl\index\JavaProjectLanguageIndexer.java:62:23 | src\main\java\dev\railroadide\railroad\ide\runconfig\defaults\data\CompoundRunConfigurationData.java:78:107 | src\main\java\dev\railroadide\railroad\ide\runconfig\defaults\data\GradleRunConfigurationData.java:133:62
22	ERROR	SEM_UNRESOLVED_CALL	Cannot resolve call 'onEnter'	src\main\java\dev\railroadide\railroad\project\onboarding\impl\FabricProjectOnboarding.java:215:14 | src\main\java\dev\railroadide\railroad\project\onboarding\impl\FabricProjectOnboarding.java:245:14 | src\main\java\dev\railroadide\railroad\project\onboarding\impl\FabricProjectOnboarding.java:273:14 | src\main\java\dev\railroadide\railroad\project\onboarding\impl\FabricProjectOnboarding.java:303:14 | src\main\java\dev\railroadide\railroad\project\onboarding\impl\FabricProjectOnboarding.java:340:14
20	ERROR	SEM_UNRESOLVED_CALL	Cannot resolve call 'message'	src\main\java\dev\railroadide\railroad\ide\classparser\ClassScanException.java:5:9 | src\main\java\dev\railroadide\railroad\ide\classparser\ClassScanException.java:9:9 | src\main\java\dev\railroadide\railroad\ide\sst\lexer\Lexer.java:60:13 | src\main\java\dev\railroadide\railroad\ui\layout\LayoutParseException.java:7:9 | src\main\java\dev\railroadide\railroad\ui\layout\LayoutParseException.java:11:9
20	ERROR	SEM_UNRESOLVED_CALL	Cannot resolve call 'code'	src\test\java\dev\railroadide\railroad\ide\sst\impl\java\JavaSemanticAnalyzerTest.java:134:79 | src\test\java\dev\railroadide\railroad\ide\sst\impl\java\JavaSemanticAnalyzerTest.java:137:47 | src\test\java\dev\railroadide\railroad\ide\sst\impl\java\JavaSemanticAnalyzerTest.java:161:79 | src\test\java\dev\railroadide\railroad\ide\sst\impl\java\JavaSemanticAnalyzerTest.java:163:68 | src\test\java\dev\railroadide\railroad\ide\sst\impl\java\JavaSemanticAnalyzerTest.java:165:70
18	ERROR	SEM_UNRESOLVED_CALL	Cannot resolve call 'markForRefresh'	src\main\java\dev\railroadide\railroad\project\onboarding\impl\FabricProjectOnboarding.java:250:25 | src\main\java\dev\railroadide\railroad\project\onboarding\impl\FabricProjectOnboarding.java:278:25 | src\main\java\dev\railroadide\railroad\project\onboarding\impl\FabricProjectOnboarding.java:310:25 | src\main\java\dev\railroadide\railroad\project\onboarding\impl\FabricProjectOnboarding.java:352:29 | src\main\java\dev\railroadide\railroad\project\onboarding\impl\FabricProjectOnboarding.java:387:29
18	ERROR	SEM_UNRESOLVED_CALL	Cannot resolve call 'setText'	src\main\java\dev\railroadide\railroad\form\impl\DirectoryChooserComponent.java:113:61 | src\main\java\dev\railroadide\railroad\form\impl\FileChooserComponent.java:105:61 | src\main\java\dev\railroadide\railroad\form\impl\TextAreaComponent.java:108:46 | src\main\java\dev\railroadide\railroad\form\impl\TextFieldComponent.java:58:85 | src\main\java\dev\railroadide\railroad\form\impl\TextFieldComponent.java:124:46
18	ERROR	SEM_UNRESOLVED_CALL	Cannot resolve call 'contains'	src\main\java\dev\railroadide\railroad\form\FormComponent.java:306:39 | src\main\java\dev\railroadide\railroad\form\FormComponent.java:312:39 | src\main\java\dev\railroadide\railroad\form\impl\ComboBoxComponent.java:86:87 | src\main\java\dev\railroadide\railroad\ide\language\impl\index\JavaAnalysisContextProvider.java:142:48 | src\main\java\dev\railroadide\railroad\ide\ui\MarkdownPreviewPane.java:60:46
18	ERROR	SEM_UNRESOLVED_CALL	Cannot resolve call 'type'	src\main\java\dev\railroadide\railroad\ide\sst\impl\java\JavaSemanticAnalyzer.java:1591:98 | src\main\java\dev\railroadide\railroad\ide\sst\impl\java\JavaSemanticAnalyzer.java:1979:72 | src\main\java\dev\railroadide\railroad\ide\sst\impl\java\JavaSemanticAnalyzer.java:2198:68 | src\main\java\dev\railroadide\railroad\ide\sst\impl\java\JavaSemanticCompletionEngine.java:267:59 | src\main\java\dev\railroadide\railroad\ide\sst\lexer\Token.java:103:13
17	ERROR	SEM_UNRESOLVED_CALL	Cannot resolve call 'getValue'	src\main\java\dev\railroadide\railroad\gradle\ui\deps\GradleDependencyTreeBuilder.java:100:50 | src\main\java\dev\railroadide\railroad\gradle\ui\task\GradleTaskTreeBuilder.java:103:39 | src\main\java\dev\railroadide\railroad\gradle\ui\task\GradleTaskTreeBuilder.java:106:54 | src\main\java\dev\railroadide\railroad\ide\diagnostics\JavaInspectionRegistries.java:113:61 | src\main\java\dev\railroadide\railroad\ide\diagnostics\ui\JavaInspectionRuleSettingsPane.java:69:71
14	ERROR	SEM_UNRESOLVED_CALL	Cannot resolve call 'path'	src\main\java\dev\railroadide\railroad\gradle\service\impl\ToolingGradleExecutionService.java:126:39 | src\main\java\dev\railroadide\railroad\ide\diagnostics\ProjectDiagnosticsScanner.java:115:60 | src\main\java\dev\railroadide\railroad\ide\diagnostics\ProjectDiagnosticsScanner.java:170:60 | src\main\java\dev\railroadide\railroad\ide\runconfig\defaults\data\GradleRunConfigurationData.java:130:59 | src\main\java\dev\railroadide\railroad\ide\runconfig\defaults\data\GradleRunConfigurationData.java:133:44
13	ERROR	SEM_UNRESOLVED_CALL	Cannot resolve call 'getTextField'	src\main\java\dev\railroadide\railroad\form\impl\DirectoryChooserComponent.java:82:48 | src\main\java\dev\railroadide\railroad\form\impl\DirectoryChooserComponent.java:87:69 | src\main\java\dev\railroadide\railroad\form\impl\DirectoryChooserComponent.java:89:48 | src\main\java\dev\railroadide\railroad\form\impl\DirectoryChooserComponent.java:113:46 | src\main\java\dev\railroadide\railroad\form\impl\FileChooserComponent.java:74:48
13	ERROR	SEM_UNRESOLVED_CALL	Cannot resolve call 'warn'	src\main\java\dev\railroadide\railroad\ide\diagnostics\ProjectDiagnosticsScanner.java:69:25 | src\main\java\dev\railroadide\railroad\ide\diagnostics\ProjectDiagnosticsScanner.java:130:25 | src\main\java\dev\railroadide\railroad\ide\diagnostics\ProjectDiagnosticsScanner.java:190:25 | src\main\java\dev\railroadide\railroad\ide\language\impl\index\JavaAnalysisContextProvider.java:75:29 | src\main\java\dev\railroadide\railroad\ide\language\impl\index\JavaAnalysisContextProvider.java:83:29
13	ERROR	SEM_UNRESOLVED_CALL	Cannot resolve call 'getName'	src\main\java\dev\railroadide\railroad\ide\projectexplorer\dialog\CreateFileDialog.java:194:30 | src\main\java\dev\railroadide\railroad\ide\runconfig\RunConfigurationManager.java:76:108 | src\main\java\dev\railroadide\railroad\ide\runconfig\RunConfigurationManager.java:139:31 | src\main\java\dev\railroadide\railroad\ide\runconfig\defaults\CompoundRunConfigurationType.java:102:42 | src\main\java\dev\railroadide\railroad\ide\runconfig\ui\RunConfigurationListCell.java:99:39
13	ERROR	SEM_UNRESOLVED_CALL	Cannot resolve call 'project'	src\main\java\dev\railroadide\railroad\gradle\ui\deps\GradleDependenciesPane.java:17:9 | src\main\java\dev\railroadide\railroad\gradle\ui\task\GradleTasksPane.java:19:9 | src\main\java\dev\railroadide\railroad\ide\DefaultIDEStateService.java:29:50 | src\main\java\dev\railroadide\railroad\ide\IDESetup.java:117:23 | src\main\java\dev\railroadide\railroad\ide\diagnostics\JavaDiagnosticsProvider.java:34:9
13	ERROR	SEM_UNRESOLVED_CALL	Cannot resolve call 'canBeNull'	src\main\java\dev\railroadide\railroad\settings\Settings.java:36:10 | src\main\java\dev\railroadide\railroad\settings\Settings.java:47:10 | src\main\java\dev\railroadide\railroad\settings\Settings.java:69:10 | src\main\java\dev\railroadide\railroad\settings\Settings.java:77:10 | src\main\java\dev\railroadide\railroad\settings\Settings.java:85:10
12	ERROR	SEM_UNRESOLVED_CALL	Cannot resolve call 'getPath'	src\main\java\dev\railroadide\railroad\ide\projectexplorer\PathTreeCell.java:46:43 | src\main\java\dev\railroadide\railroad\ide\projectexplorer\PathTreeCell.java:156:47 | src\main\java\dev\railroadide\railroad\ide\projectexplorer\PathTreeCell.java:186:67 | src\main\java\dev\railroadide\railroad\ide\projectexplorer\PathTreeCell.java:193:41 | src\main\java\dev\railroadide\railroad\ide\projectexplorer\PathTreeCell.java:248:46
12	ERROR	SEM_UNRESOLVED_CALL	Cannot resolve call 'isBlank'	src\main\java\dev\railroadide\railroad\config\Config.java:110:116 | src\main\java\dev\railroadide\railroad\ide\diagnostics\JavaInspectionRuleSettings.java:123:54 | src\main\java\dev\railroadide\railroad\ide\language\impl\index\JavaLanguageIndexContextContributor.java:292:33 | src\main\java\dev\railroadide\railroad\ide\projectexplorer\ProjectExplorerPane.java:616:26 | src\main\java\dev\railroadide\railroad\ide\runconfig\defaults\data\GradleRunConfigurationData.java:164:59
12	ERROR	SEM_UNRESOLVED_CALL	Cannot resolve call 'isEmpty'	src\main\java\dev\railroadide\railroad\ide\runconfig\ui\form\RunConfigurationPickerComponent.java:181:73 | src\main\java\dev\railroadide\railroad\ide\sst\impl\java\JavaSemanticCompletionEngine.java:339:35 | src\main\java\dev\railroadide\railroad\ide\ui\codeeditor\CodeEditorPane.java:439:54 | src\main\java\dev\railroadide\railroad\ide\ui\git\commit\details\GitCommitCheckoutButton.java:27:55 | src\main\java\dev\railroadide\railroad\ide\ui\git\commit\details\GitCommitCherryPickButton.java:29:55
12	ERROR	SEM_UNRESOLVED_CALL	Cannot resolve call 'getText'	src\main\java\dev\railroadide\railroad\ide\runconfig\RunConfigurationData.java:35:49 | src\main\java\dev\railroadide\railroad\ide\runconfig\defaults\data\GradleRunConfigurationData.java:80:49 | src\main\java\dev\railroadide\railroad\ide\runconfig\defaults\data\GradleRunConfigurationData.java:114:102 | src\main\java\dev\railroadide\railroad\ide\runconfig\defaults\data\JarApplicationRunConfigurationData.java:64:102 | src\main\java\dev\railroadide\railroad\ide\runconfig\defaults\data\JavaApplicationRunConfigurationData.java:89:102
12	ERROR	SEM_UNRESOLVED_CALL	Cannot resolve call 'validator'	src\main\java\dev\railroadide\railroad\project\onboarding\impl\FabricProjectOnboarding.java:206:26 | src\main\java\dev\railroadide\railroad\project\onboarding\impl\FabricProjectOnboarding.java:420:26 | src\main\java\dev\railroadide\railroad\project\onboarding\impl\FabricProjectOnboarding.java:428:26 | src\main\java\dev\railroadide\railroad\project\onboarding\impl\FabricProjectOnboarding.java:436:26 | src\main\java\dev\railroadide\railroad\project\onboarding\impl\ForgeProjectOnboarding.java:237:26
11	ERROR	SEM_UNRESOLVED_CALL	Cannot resolve call 'map'	src\main\java\dev\railroadide\railroad\ide\language\impl\index\JavaLanguageIndexContextContributor.java:218:22 | src\main\java\dev\railroadide\railroad\ide\language\impl\index\JavaLanguageIndexContextContributor.java:216:22 | src\main\java\dev\railroadide\railroad\ide\runconfig\defaults\data\GradleRunConfigurationData.java:320:18 | src\main\java\dev\railroadide\railroad\ide\ui\git\overview\GitOverviewRecentCommitsPane.java:132:24 | src\main\java\dev\railroadide\railroad\plugin\spi\inspection\JavaRuleContext.java:1500:88
11	ERROR	SEM_UNRESOLVED_CALL	Cannot resolve call 'addEventHandler'	src\main\java\dev\railroadide\railroad\form\impl\ComboBoxComponent.java:112:64 | src\main\java\dev\railroadide\railroad\form\impl\DirectoryChooserComponent.java:58:61 | src\main\java\dev\railroadide\railroad\form\impl\DirectoryChooserComponent.java:66:52 | src\main\java\dev\railroadide\railroad\form\impl\FileChooserComponent.java:48:61 | src\main\java\dev\railroadide\railroad\form\impl\FileChooserComponent.java:56:52
11	ERROR	SEM_UNRESOLVED_CALL	Cannot resolve call 'Token'	src\main\java\dev\railroadide\railroad\ui\layout\LayoutParser.java:177:31 | src\main\java\dev\railroadide\railroad\ui\layout\LayoutParser.java:181:31 | src\main\java\dev\railroadide\railroad\ui\layout\LayoutParser.java:185:31 | src\main\java\dev\railroadide\railroad\ui\layout\LayoutParser.java:217:35 | src\main\java\dev\railroadide\railroad\ui\layout\LayoutParser.java:227:31
11	ERROR	SEM_UNRESOLVED_CALL	Cannot resolve call 'filter'	src\main\java\dev\railroadide\railroad\ide\runconfig\defaults\data\CompoundRunConfigurationData.java:78:22 | src\main\java\dev\railroadide\railroad\ide\runconfig\defaults\data\GradleRunConfigurationData.java:318:18 | src\main\java\dev\railroadide\railroad\ide\ui\git\commit\details\GitCommitCheckoutButton.java:48:43 | src\main\java\dev\railroadide\railroad\ide\ui\git\commit\details\GitCommitCheckoutButton.java:55:43 | src\main\java\dev\railroadide\railroad\ide\ui\git\commit\details\GitCommitCheckoutButton.java:62:43
10	ERROR	SEM_UNRESOLVED_CALL	Cannot resolve call 'appendSection'	src\main\java\dev\railroadide\railroad\project\onboarding\impl\FabricProjectOnboarding.java:193:14 | src\main\java\dev\railroadide\railroad\project\onboarding\impl\FabricProjectOnboarding.java:413:14 | src\main\java\dev\railroadide\railroad\project\onboarding\impl\ForgeProjectOnboarding.java:224:14 | src\main\java\dev\railroadide\railroad\project\onboarding\impl\ForgeProjectOnboarding.java:470:14 | src\main\java\dev\railroadide\railroad\project\onboarding\impl\ForgeProjectOnboarding.java:445:14
10	ERROR	SEM_UNRESOLVED_CALL	Cannot resolve call 'displayName'	src\main\java\dev\railroadide\railroad\ide\diagnostics\inspections\CoreImplicitNumericConversionInspection.java:159:62 | src\main\java\dev\railroadide\railroad\ide\diagnostics\inspections\CoreThisReferenceEscapedObjectConstructionInspection.java:168:64 | src\test\java\dev\railroadide\railroad\ide\sst\impl\java\JavaSemanticAnalyzerTest.java:323:74 | src\test\java\dev\railroadide\railroad\ide\sst\impl\java\JavaSemanticAnalyzerTest.java:324:80 | src\test\java\dev\railroadide\railroad\ide\sst\impl\java\JavaSemanticAnalyzerTest.java:555:85
10	ERROR	SEM_UNRESOLVED_CALL	Cannot resolve call 'error'	src\main\java\dev\railroadide\railroad\ide\runconfig\defaults\ShellScriptRunConfigurationType.java:120:41 | src\main\java\dev\railroadide\railroad\localization\L18n.java:71:20 | src\main\java\dev\railroadide\railroad\localization\L18n.java:95:20 | src\main\java\dev\railroadide\railroad\localization\L18n.java:160:20 | src\main\java\dev\railroadide\railroad\localization\L18n.java:169:20
10	ERROR	SEM_UNRESOLVED_CALL	Cannot resolve call 'setValue'	src\main\java\dev\railroadide\railroad\form\impl\ComboBoxComponent.java:164:46 | src\main\java\dev\railroadide\railroad\form\impl\RadioButtonGroupComponent.java:108:24 | src\main\java\dev\railroadide\railroad\form\ui\FormComboBox.java:56:55 | src\main\java\dev\railroadide\railroad\ide\diagnostics\ui\JavaInspectionRuleSettingsPane.java:88:34 | src\main\java\dev\railroadide\railroad\project\onboarding\step\OnboardingFormStep.java:538:46
10	ERROR	SEM_UNRESOLVED_CALL	Cannot resolve call 'getStyleClass'	src\main\java\dev\railroadide\railroad\form\FormComponent.java:302:18 | src\main\java\dev\railroadide\railroad\form\FormComponent.java:304:18 | src\main\java\dev\railroadide\railroad\form\FormComponent.java:306:23 | src\main\java\dev\railroadide\railroad\form\FormComponent.java:307:22 | src\main\java\dev\railroadide\railroad\form\FormComponent.java:310:18
9	ERROR	SEM_UNRESOLVED_CALL	Cannot resolve call 'addListener'	src\main\java\dev\railroadide\railroad\form\impl\CheckBoxComponent.java:66:67 | src\main\java\dev\railroadide\railroad\form\impl\ComboBoxComponent.java:142:64 | src\main\java\dev\railroadide\railroad\form\impl\DirectoryChooserComponent.java:89:78 | src\main\java\dev\railroadide\railroad\form\impl\FileChooserComponent.java:81:78 | src\main\java\dev\railroadide\railroad\form\impl\RadioButtonGroupComponent.java:72:46
9	ERROR	SEM_UNRESOLVED_CALL	Cannot resolve call 'bindTextFieldTo'	src\main\java\dev\railroadide\railroad\project\onboarding\impl\FabricProjectOnboarding.java:419:26 | src\main\java\dev\railroadide\railroad\project\onboarding\impl\FabricProjectOnboarding.java:427:26 | src\main\java\dev\railroadide\railroad\project\onboarding\impl\FabricProjectOnboarding.java:435:26 | src\main\java\dev\railroadide\railroad\project\onboarding\impl\ForgeProjectOnboarding.java:451:26 | src\main\java\dev\railroadide\railroad\project\onboarding\impl\ForgeProjectOnboarding.java:459:26
9	ERROR	SEM_UNRESOLVED_CALL	Cannot resolve call 'dataKey'	src\main\java\dev\railroadide\railroad\form\FormComponent.java:100:9 | src\main\java\dev\railroadide\railroad\form\impl\CheckBoxComponent.java:42:9 | src\main\java\dev\railroadide\railroad\form\impl\ComboBoxComponent.java:62:9 | src\main\java\dev\railroadide\railroad\form\impl\DirectoryChooserComponent.java:47:9 | src\main\java\dev\railroadide\railroad\form\impl\FileChooserComponent.java:37:9
9	ERROR	SEM_UNRESOLVED_CALL	Cannot resolve call 'removeListener'	src\main\java\dev\railroadide\railroad\form\impl\CheckBoxComponent.java:59:67 | src\main\java\dev\railroadide\railroad\form\impl\ComboBoxComponent.java:135:64 | src\main\java\dev\railroadide\railroad\form\impl\DirectoryChooserComponent.java:82:78 | src\main\java\dev\railroadide\railroad\form\impl\FileChooserComponent.java:74:78 | src\main\java\dev\railroadide\railroad\form\impl\RadioButtonGroupComponent.java:65:46
9	ERROR	SEM_UNRESOLVED_CALL	Cannot resolve call 'FontAwesomeSolid'	src\main\java\dev\railroadide\railroad\ide\runconfig\defaults\CompoundRunConfigurationType.java:17:9 | src\main\java\dev\railroadide\railroad\ide\runconfig\defaults\JavaApplicationRunConfigurationType.java:31:9 | src\main\java\dev\railroadide\railroad\ide\runconfig\defaults\ShellScriptRunConfigurationType.java:31:9 | src\main\java\dev\railroadide\railroad\ide\ui\git\commit\details\GitCommitCheckoutButton.java:23:9 | src\main\java\dev\railroadide\railroad\ide\ui\git\commit\details\GitCommitCherryPickButton.java:25:9
9	ERROR	SEM_UNRESOLVED_CALL	Cannot resolve call 'values'	src\main\java\dev\railroadide\railroad\ide\diagnostics\ui\JavaInspectionRuleSettingsPane.java:189:63 | src\main\java\dev\railroadide\railroad\ide\diagnostics\ui\JavaInspectionRuleSettingsPane.java:220:63 | src\main\java\dev\railroadide\railroad\ide\diagnostics\ui\JavaInspectionRuleSettingsPane.java:224:65 | src\main\java\dev\railroadide\railroad\ide\sst\impl\java\JavaParserBenchmarkRunner.java:193:45 | src\main\java\dev\railroadide\railroad\ide\sst\impl\java\JavaParserBenchmarkRunner.java:235:45
9	ERROR	SEM_UNRESOLVED_CALL	Cannot resolve call 'toBytes'	src\main\java\dev\railroadide\railroad\java\cli\impl\JavaExecutableCLIBuilder.java:1954:53 | src\main\java\dev\railroadide\railroad\java\cli\impl\JavaExecutableCLIBuilder.java:2548:53 | src\main\java\dev\railroadide\railroad\java\cli\impl\JavaExecutableCLIBuilder.java:2548:107 | src\main\java\dev\railroadide\railroad\java\cli\impl\JavaExecutableCLIBuilder.java:2676:53 | src\main\java\dev\railroadide\railroad\java\cli\impl\JavaExecutableCLIBuilder.java:2741:53
8	ERROR	SEM_UNRESOLVED_CALL	Cannot resolve call 'getAsString'	src\main\java\dev\railroadide\railroad\settings\DefaultSettingCodecs.java:157:65 | src\main\java\dev\railroadide\railroad\settings\SettingCodecs.java:30:57 | src\main\java\dev\railroadide\railroad\settings\SettingCodecs.java:61:58 | src\main\java\dev\railroadide\railroad\settings\SettingCodecs.java:89:82 | src\main\java\dev\railroadide\railroad\settings\SettingCodecs.java:98:94
8	ERROR	SEM_UNRESOLVED_CALL	Cannot resolve call 'toList'	src\main\java\dev\railroadide\railroad\gradle\ui\deps\GradleDependenciesPane.java:33:14 | src\main\java\dev\railroadide\railroad\ide\sst\impl\java\JavaLexer.java:415:18 | src\main\java\dev\railroadide\railroad\plugin\spi\inspection\JavaRuleContext.java:1500:139 | src\main\java\dev\railroadide\railroad\plugin\spi\inspection\JavaRuleContext.java:1512:130 | src\main\java\dev\railroadide\railroad\plugin\spi\inspection\JavaRuleContext.java:2530:18
8	ERROR	SEM_UNRESOLVED_CALL	Cannot resolve call 'formatted'	src\main\java\dev\railroadide\railroad\ide\diagnostics\ProjectDiagnosticsScanner.java:210:38 | src\main\java\dev\railroadide\railroad\ide\diagnostics\ProjectDiagnosticsScanner.java:212:32 | src\main\java\dev\railroadide\railroad\ide\diagnostics\ProjectDiagnosticsScanner.java:214:31 | src\main\java\dev\railroadide\railroad\ide\sst\lexer\Token.java:128:47 | src\main\java\dev\railroadide\railroad\ide\ui\git\commit\details\GitCommitDetailsMessageCard.java:37:57
8	ERROR	SEM_UNRESOLVED_CALL	Cannot resolve call 'labelKey'	src\main\java\dev\railroadide\railroad\form\ui\FormComboBox.java:31:9 | src\main\java\dev\railroadide\railroad\form\ui\FormDirectoryChooser.java:35:9 | src\main\java\dev\railroadide\railroad\form\ui\FormFileChooser.java:25:9 | src\main\java\dev\railroadide\railroad\form\ui\FormRadioButtonGroup.java:30:9 | src\main\java\dev\railroadide\railroad\form\ui\FormTextArea.java:31:9
8	ERROR	SEM_UNRESOLVED_CALL	Cannot resolve call 'debug'	src\main\java\dev\railroadide\railroad\ide\runconfig\defaults\JavaApplicationRunConfigurationType.java:139:37 | src\main\java\dev\railroadide\railroad\ide\runconfig\defaults\data\GradleRunConfigurationData.java:170:25 | src\main\java\dev\railroadide\railroad\ide\runconfig\defaults\data\GradleRunConfigurationData.java:283:37 | src\main\java\dev\railroadide\railroad\localization\L18n.java:59:16 | src\main\java\dev\railroadide\railroad\localization\L18n.java:66:24
8	ERROR	SEM_UNRESOLVED_CALL	Cannot resolve call 'valueProperty'	src\main\java\dev\railroadide\railroad\form\impl\ComboBoxComponent.java:135:48 | src\main\java\dev\railroadide\railroad\form\impl\ComboBoxComponent.java:142:48 | src\main\java\dev\railroadide\railroad\form\impl\RadioButtonGroupComponent.java:65:30 | src\main\java\dev\railroadide\railroad\form\impl\RadioButtonGroupComponent.java:72:30 | src\main\java\dev\railroadide\railroad\form\impl\RadioButtonGroupComponent.java:96:30
7	ERROR	SEM_UNRESOLVED_CALL	Cannot resolve call 'count'	src\main\java\dev\railroadide\railroad\form\ui\FormTextArea.java:79:56 | src\main\java\dev\railroadide\railroad\ide\ui\git\commit\details\GitCommitCheckoutButton.java:48:77 | src\main\java\dev\railroadide\railroad\ide\ui\git\commit\details\GitCommitCheckoutButton.java:55:75 | src\main\java\dev\railroadide\railroad\ide\ui\git\commit\details\GitCommitCheckoutButton.java:62:78 | src\main\java\dev\railroadide\railroad\ide\ui\git\commit\details\GitCommitCherryPickButton.java:189:81
7	ERROR	SEM_UNRESOLVED_CALL	Cannot resolve call 'getModules'	src\main\java\dev\railroadide\railroad\ide\language\impl\index\JavaLanguageIndexContextContributor.java:61:62 | src\main\java\dev\railroadide\railroad\ide\language\impl\index\JavaLanguageIndexContextContributor.java:95:62 | src\main\java\dev\railroadide\railroad\ide\language\impl\index\JavaLanguageIndexContextContributor.java:126:62 | src\main\java\dev\railroadide\railroad\ide\language\impl\index\JavaLanguageIndexContextContributor.java:151:62 | src\main\java\dev\railroadide\railroad\ide\language\impl\index\JavaLanguageIndexContextContributor.java:215:33
7	ERROR	SEM_UNRESOLVED_CALL	Cannot resolve call 'removeEventHandler'	src\main\java\dev\railroadide\railroad\form\impl\ComboBoxComponent.java:108:64 | src\main\java\dev\railroadide\railroad\form\impl\DirectoryChooserComponent.java:62:52 | src\main\java\dev\railroadide\railroad\form\impl\FileChooserComponent.java:52:52 | src\main\java\dev\railroadide\railroad\form\impl\TextAreaComponent.java:59:44 | src\main\java\dev\railroadide\railroad\form\impl\TextFieldComponent.java:74:45
7	ERROR	SEM_UNRESOLVED_CALL	Cannot resolve call 'children'	src\main\java\dev\railroadide\railroad\plugin\spi\inspection\JavaRuleContext.java:856:46 | src\main\java\dev\railroadide\railroad\ui\RRFlowPane.java:29:9 | src\main\java\dev\railroadide\railroad\ui\RRHBox.java:23:9 | src\main\java\dev\railroadide\railroad\ui\RRMenuBar.java:16:9 | src\main\java\dev\railroadide\railroad\ui\RRMenuBar.java:26:9
7	ERROR	SEM_UNRESOLVED_CALL	Cannot resolve call 'LocalizedText'	src\main\java\dev\railroadide\railroad\ide\ui\git\branches\AbstractGitBranchesListView.java:545:38 | src\main\java\dev\railroadide\railroad\ide\ui\git\branches\AbstractGitBranchesListView.java:552:36 | src\main\java\dev\railroadide\railroad\ide\ui\git\branches\AbstractGitBranchesListView.java:559:39 | src\main\java\dev\railroadide\railroad\ide\ui\git\commit\details\GitCommitDetailsMessageCard.java:43:35 | src\main\java\dev\railroadide\railroad\ide\ui\git\remote\GitRemotesListPane.java:93:56
7	ERROR	SEM_UNRESOLVED_CALL	Cannot resolve call 'parameters'	src\main\java\dev\railroadide\railroad\plugin\spi\inspection\JavaRuleContext.java:1500:66 | src\main\java\dev\railroadide\railroad\plugin\spi\inspection\JavaRuleContext.java:1512:57 | src\main\java\dev\railroadide\railroad\plugin\spi\inspection\JavaRuleContext.java:2528:48 | src\test\java\dev\railroadide\railroad\ide\classparser\ClassStubParserTest.java:25:38 | src\test\java\dev\railroadide\railroad\ide\classparser\ClassStubParserTest.java:29:36
6	ERROR	SEM_UNRESOLVED_CALL	Cannot resolve call 'printf'	src\main\java\dev\railroadide\railroad\ide\sst\impl\java\JavaParserBenchmarkRunner.java:49:20 | src\main\java\dev\railroadide\railroad\ide\sst\impl\java\JavaParserBenchmarkRunner.java:144:24 | src\main\java\dev\railroadide\railroad\ide\sst\impl\java\JavaParserBenchmarkRunner.java:172:24 | src\main\java\dev\railroadide\railroad\ide\sst\impl\java\JavaParserBenchmarkRunner.java:200:20 | src\main\java\dev\railroadide\railroad\ide\sst\impl\java\JavaParserBenchmarkRunner.java:207:20
6	ERROR	SEM_UNRESOLVED_CALL	Cannot resolve call 'textProperty'	src\main\java\dev\railroadide\railroad\form\impl\DirectoryChooserComponent.java:82:63 | src\main\java\dev\railroadide\railroad\form\impl\DirectoryChooserComponent.java:89:63 | src\main\java\dev\railroadide\railroad\form\impl\FileChooserComponent.java:74:63 | src\main\java\dev\railroadide\railroad\form\impl\FileChooserComponent.java:81:63 | src\main\java\dev\railroadide\railroad\form\impl\TextAreaComponent.java:79:40
6	ERROR	SEM_UNRESOLVED_CALL	Cannot resolve call 'flatMap'	src\main\java\dev\railroadide\railroad\ide\language\impl\index\JavaLanguageIndexContextContributor.java:217:22 | src\main\java\dev\railroadide\railroad\ide\runconfig\defaults\data\GradleRunConfigurationData.java:317:18 | src\main\java\dev\railroadide\railroad\project\onboarding\impl\ForgeProjectOnboarding.java:694:22 | src\main\java\dev\railroadide\railroad\project\onboarding\impl\ForgeProjectOnboarding.java:692:22 | src\main\java\dev\railroadide\railroad\project\onboarding\impl\NeoforgeProjectOnboarding.java:694:22
6	ERROR	SEM_UNRESOLVED_CALL	Cannot resolve call 'setProperty'	src\main\java\dev\railroadide\railroad\ui\layout\LayoutParser.java:95:39 | src\main\java\dev\railroadide\railroad\ui\layout\LayoutParser.java:104:39 | src\main\java\dev\railroadide\railroad\ui\layout\LayoutParser.java:113:39 | src\main\java\dev\railroadide\railroad\ui\layout\LayoutParser.java:123:43 | src\main\java\dev\railroadide\railroad\ui\layout\LayoutParser.java:136:39
6	ERROR	SEM_UNRESOLVED_CALL	Cannot resolve call 'key'	src\main\java\dev\railroadide\railroad\form\ui\InformativeLabeledHBox.java:196:13 | src\main\java\dev\railroadide\railroad\java\JDK.java:173:13 | src\main\java\dev\railroadide\railroad\java\JDK.java:182:13 | src\main\java\dev\railroadide\railroad\ui\localized\LocalizedMenuItem.java:34:9 | src\main\java\dev\railroadide\railroad\ui\localized\LocalizedMenuItem.java:45:9
6	ERROR	SEM_UNRESOLVED_CALL	Cannot resolve call 'info'	src\main\java\dev\railroadide\railroad\project\ProjectManager.java:37:33 | src\main\java\dev\railroadide\railroad\project\facet\FacetManager.java:174:33 | src\main\java\dev\railroadide\railroad\theme\ThemeDownloadManager.java:55:16 | src\main\java\dev\railroadide\railroad\theme\ThemeDownloadManager.java:58:20 | src\main\java\dev\railroadide\railroad\theme\ThemeDownloadManager.java:64:20
6	ERROR	SEM_UNRESOLVED_CALL	Cannot resolve call 'getFlag'	src\main\java\dev\railroadide\railroad\java\cli\impl\JarCLIBuilder.java:504:39 | src\main\java\dev\railroadide\railroad\java\cli\impl\JarCLIBuilder.java:506:39 | src\main\java\dev\railroadide\railroad\java\cli\impl\JarsignerCLIBuilder.java:696:27 | src\main\java\dev\railroadide\railroad\java\cli\impl\JarsignerCLIBuilder.java:697:39 | src\main\java\dev\railroadide\railroad\java\cli\impl\JavapCLIBuilder.java:135:39
6	ERROR	SEM_UNRESOLVED_CALL	Cannot resolve call 'add'	src\main\java\dev\railroadide\railroad\form\FormComponent.java:307:38 | src\main\java\dev\railroadide\railroad\form\FormComponent.java:313:38 | src\main\java\dev\railroadide\railroad\ide\ui\setup\PaneIconBarFactory.java:35:29 | src\main\java\dev\railroadide\railroad\ide\ui\setup\PaneIconBarFactory.java:62:31 | src\main\java\dev\railroadide\railroad\settings\SettingsSearchHandler.java:103:38
6	ERROR	SEM_UNRESOLVED_CALL	Cannot resolve call 'Opcodes'	src\main\java\dev\railroadide\railroad\ide\classparser\ClassStubVisitor.java:24:9 | src\main\java\dev\railroadide\railroad\ide\classparser\ClassStubVisitor.java:165:13 | src\main\java\dev\railroadide\railroad\ide\classparser\ClassStubVisitor.java:189:13 | src\main\java\dev\railroadide\railroad\ide\classparser\ClassStubVisitor.java:225:13 | src\main\java\dev\railroadide\railroad\ide\classparser\ClassStubVisitor.java:314:13
6	ERROR	SEM_UNRESOLVED_CALL	Cannot resolve call 'replace'	src\main\java\dev\railroadide\railroad\ide\projectexplorer\dialog\CreateFileDialog.java:88:22 | src\main\java\dev\railroadide\railroad\ide\projectexplorer\dialog\CreateFileDialog.java:87:22 | src\main\java\dev\railroadide\railroad\java\cli\impl\JavaExecutableCLIBuilder.java:3316:59 | src\main\java\dev\railroadide\railroad\java\cli\impl\JavaExecutableCLIBuilder.java:3627:65 | src\main\java\dev\railroadide\railroad\project\onboarding\creation\step\UpdateFabricModJsonStep.java:164:26
5	ERROR	SEM_UNRESOLVED_CALL	Cannot resolve call 'DefaultConfigurationOption'	src\main\java\dev\railroadide\railroad\project\onboarding\creation\step\RenameClassesStep.java:20:23 | src\main\java\dev\railroadide\railroad\project\onboarding\creation\step\RenameClassesStep.java:21:23 | src\main\java\dev\railroadide\railroad\project\onboarding\creation\step\RenameClassesStep.java:22:23 | src\main\java\dev\railroadide\railroad\project\onboarding\creation\step\RenameClassesStep.java:23:23 | src\main\java\dev\railroadide\railroad\project\onboarding\creation\step\RenameClassesStep.java:24:23
5	ERROR	SEM_UNRESOLVED_CALL	Cannot resolve call 'getTextArea'	src\main\java\dev\railroadide\railroad\form\impl\TextAreaComponent.java:55:39 | src\main\java\dev\railroadide\railroad\form\impl\TextAreaComponent.java:59:30 | src\main\java\dev\railroadide\railroad\form\impl\TextAreaComponent.java:63:30 | src\main\java\dev\railroadide\railroad\form\impl\TextAreaComponent.java:79:26 | src\main\java\dev\railroadide\railroad\form\impl\TextAreaComponent.java:83:46
5	ERROR	SEM_UNRESOLVED_CALL	Cannot resolve call 'remove'	src\main\java\dev\railroadide\railroad\form\FormComponent.java:304:34 | src\main\java\dev\railroadide\railroad\form\FormComponent.java:310:34 | src\main\java\dev\railroadide\railroad\ide\ui\setup\PaneIconBarFactory.java:67:48 | src\main\java\dev\railroadide\railroad\project\onboarding\impl\FabricProjectOnboarding.java:590:32 | src\main\java\dev\railroadide\railroad\settings\SettingsSearchHandler.java:110:34
5	ERROR	SEM_UNRESOLVED_CALL	Cannot resolve call 'getMode'	src\main\java\dev\railroadide\railroad\java\cli\impl\JavaExecutableCLIBuilder.java:270:62 | src\main\java\dev\railroadide\railroad\java\cli\impl\JavaExecutableCLIBuilder.java:807:51 | src\main\java\dev\railroadide\railroad\java\cli\impl\JavaExecutableCLIBuilder.java:980:70 | src\main\java\dev\railroadide\railroad\java\cli\impl\JavaExecutableCLIBuilder.java:1493:59 | src\main\java\dev\railroadide\railroad\java\cli\impl\JshellCLIBuilder.java:216:34
5	ERROR	SEM_UNRESOLVED_CALL	Cannot resolve call 'startsWith'	src\main\java\dev\railroadide\railroad\ide\indexing\Autocomplete.java:34:38 | src\main\java\dev\railroadide\railroad\ide\ui\git\remote\GitRemoteActionsPane.java:91:54 | src\main\java\dev\railroadide\railroad\ide\ui\git\remote\GitRemoteActionsPane.java:91:92 | src\test\java\dev\railroadide\railroad\ide\sst\impl\java\JavaParserCorpusTest.java:71:39 | src\test\java\dev\railroadide\railroad\ide\sst\impl\java\JavaParserParitySupport.java:98:90
5	ERROR	SEM_UNRESOLVED_CALL	Cannot resolve call 'isJsonNull'	src\main\java\dev\railroadide\railroad\settings\SettingCodecs.java:89:55 | src\main\java\dev\railroadide\railroad\settings\SettingCodecs.java:98:55 | src\main\java\dev\railroadide\railroad\settings\SettingCodecs.java:107:55 | src\main\java\dev\railroadide\railroad\settings\SettingCodecs.java:153:56 | src\main\java\dev\railroadide\railroad\settings\SettingCodecs.java:171:56
5	ERROR	SEM_UNRESOLVED_CALL	Cannot resolve call 'rule'	src\main\java\dev\railroadide\railroad\ide\diagnostics\ui\JavaInspectionRuleSettingsPane.java:67:42 | src\main\java\dev\railroadide\railroad\ide\diagnostics\ui\JavaInspectionRuleSettingsPane.java:72:39 | src\main\java\dev\railroadide\railroad\ide\diagnostics\ui\JavaInspectionRuleSettingsPane.java:87:88 | src\main\java\dev\railroadide\railroad\ide\diagnostics\ui\JavaInspectionRuleSettingsPane.java:88:87 | src\main\java\dev\railroadide\railroad\ide\diagnostics\ui\JavaInspectionRuleSettingsPane.java:165:45
4	ERROR	SEM_UNRESOLVED_CALL	Cannot resolve call 'localizationKey'	src\main\java\dev\railroadide\railroad\ui\RRAutoCompleteTextField.java:32:9 | src\main\java\dev\railroadide\railroad\ui\RRNavigationItem.java:69:9 | src\main\java\dev\railroadide\railroad\ui\RRPasswordField.java:45:9 | src\main\java\dev\railroadide\railroad\ui\RRTextField.java:49:9
4	ERROR	SEM_UNRESOLVED_CALL	Cannot resolve call 'anyMatch'	src\main\java\dev\railroadide\railroad\ide\ui\git\commit\details\GitCommitCherryPickButton.java:157:72 | src\test\java\dev\railroadide\railroad\ide\classparser\ClassStubParserTest.java:39:14 | src\test\java\dev\railroadide\railroad\ide\sst\impl\java\JavaSemanticAnalyzerTest.java:894:18 | src\test\java\dev\railroadide\railroad\ide\sst\impl\java\JavaSemanticAnalyzerTest.java:897:18
4	ERROR	SEM_UNRESOLVED_CALL	Cannot resolve call 'accept'	src\main\java\dev\railroadide\railroad\gradle\service\impl\ToolingGradleTaskExecutionHandle.java:159:22 | src\main\java\dev\railroadide\railroad\gradle\service\impl\ToolingGradleTaskExecutionHandle.java:173:22 | src\main\java\dev\railroadide\railroad\project\onboarding\OnboardingProcess.java:301:26 | src\main\java\dev\railroadide\railroad\settings\keybinds\KeybindHandler.java:29:40
4	ERROR	SEM_UNRESOLVED_CALL	Cannot resolve call 'UUID'	src\main\java\dev\railroadide\railroad\ide\runconfig\RunConfiguration.java:48:9 | src\main\java\dev\railroadide\railroad\ide\runconfig\defaults\data\CompoundRunConfigurationData.java:78:100 | src\main\java\dev\railroadide\railroad\ide\runconfig\ui\RunConfigurationEditorPane.java:87:99 | src\main\java\dev\railroadide\railroad\ide\ui\setup\RunControlsPane.java:76:27
4	ERROR	SEM_UNRESOLVED_CALL	Cannot resolve call 'getChildren'	src\main\java\dev\railroadide\railroad\ide\ui\setup\PaneIconBarFactory.java:62:17 | src\main\java\dev\railroadide\railroad\ide\ui\setup\PaneIconBarFactory.java:67:34 | src\main\java\dev\railroadide\railroad\ui\layout\LayoutParser.java:80:32 | src\main\java\dev\railroadide\railroad\ui\layout\LayoutParser.java:141:28
4	ERROR	SEM_UNRESOLVED_CALL	Cannot resolve call 'orientation'	src\main\java\dev\railroadide\railroad\ui\RRFlowPane.java:14:9 | src\main\java\dev\railroadide\railroad\ui\RRFlowPane.java:24:9 | src\main\java\dev\railroadide\railroad\ui\RRFlowPane.java:34:9 | src\main\java\dev\railroadide\railroad\ui\RRFlowPane.java:44:9
4	ERROR	SEM_UNRESOLVED_CALL	Cannot resolve call 'getKey'	src\main\java\dev\railroadide\railroad\ide\sst\impl\java\JavaLexer.java:414:53 | src\main\java\dev\railroadide\railroad\ide\sst\impl\java\JavaLexer.java:414:74 | src\main\java\dev\railroadide\railroad\settings\keybinds\KeybindsList.java:170:72 | src\main\java\dev\railroadide\railroad\welcome\WelcomeLeftPane.java:92:43
4	ERROR	SEM_UNRESOLVED_CALL	Cannot resolve call 'filePath'	src\main\java\dev\railroadide\railroad\ide\diagnostics\JavaDiagnosticsProvider.java:30:9 | src\main\java\dev\railroadide\railroad\ide\ui\codeeditor\CodeEditorPane.java:117:9 | src\main\java\dev\railroadide\railroad\plugin\spi\inspection\JavaRuleContext.java:118:9 | src\main\java\dev\railroadide\railroad\plugin\spi\inspection\LanguageInspectionRuleEngine.java:34:29
4	ERROR	SEM_UNRESOLVED_CALL	Cannot resolve call 'size'	src\main\java\dev\railroadide\railroad\ide\runconfig\RunConfigurationManager.java:161:85 | src\main\java\dev\railroadide\railroad\ide\runconfig\defaults\data\GradleRunConfigurationData.java:283:98 | src\test\java\dev\railroadide\railroad\ide\classparser\ClassStubParserTest.java:25:51 | src\test\java\dev\railroadide\railroad\ide\classparser\ClassStubParserTest.java:29:49
4	ERROR	SEM_UNRESOLVED_CALL	Cannot resolve call 'doubleValue'	src\main\java\dev\railroadide\railroad\ide\ui\ImageViewerPane.java:112:44 | src\main\java\dev\railroadide\railroad\ide\ui\ImageViewerPane.java:113:44 | src\main\java\dev\railroadide\railroad\ide\ui\ImageViewerPane.java:125:44 | src\main\java\dev\railroadide\railroad\ide\ui\ImageViewerPane.java:126:44
4	ERROR	SEM_UNRESOLVED_CALL	Cannot resolve call 'toFile'	src\main\java\dev\railroadide\railroad\gradle\service\impl\ToolingGradleExecutionService.java:126:46 | src\main\java\dev\railroadide\railroad\gradle\service\impl\ToolingGradleModelService.java:129:93 | src\main\java\dev\railroadide\railroad\gradle\service\impl\ToolingGradleModelService.java:130:94 | src\main\java\dev\railroadide\railroad\ide\projectexplorer\ProjectExplorerPane.java:217:64
4	ERROR	SEM_UNRESOLVED_CALL	Cannot resolve call 'spacing'	src\main\java\dev\railroadide\railroad\ui\RRHBox.java:13:9 | src\main\java\dev\railroadide\railroad\ui\RRHBox.java:18:9 | src\main\java\dev\railroadide\railroad\ui\RRVBox.java:13:9 | src\main\java\dev\railroadide\railroad\ui\RRVBox.java:18:9
3	ERROR	SEM_UNRESOLVED_CALL	Cannot resolve call 'LexError'	src\main\java\dev\railroadide\railroad\ide\sst\impl\java\JavaLexer.java:340:28 | src\main\java\dev\railroadide\railroad\ide\sst\impl\java\JavaLexer.java:784:28 | src\main\java\dev\railroadide\railroad\ide\sst\impl\java\JavaLexer.java:789:28
3	ERROR	SEM_UNRESOLVED_CALL	Cannot resolve call 'Node<>'	src\main\java\dev\railroadide\railroad\ui\layout\LayoutParser.java:64:34 | src\main\java\dev\railroadide\railroad\ui\layout\LayoutParser.java:140:36 | src\main\java\dev\railroadide\railroad\ui\layout\LayoutParser.java:366:45
3	ERROR	SEM_UNRESOLVED_CALL	Cannot resolve call 'setConverter'	src\main\java\dev\railroadide\railroad\form\impl\ComboBoxComponent.java:65:52 | src\main\java\dev\railroadide\railroad\form\impl\ComboBoxComponent.java:95:61 | src\main\java\dev\railroadide\railroad\form\impl\ComboBoxComponent.java:103:48
3	ERROR	SEM_UNRESOLVED_CALL	Cannot resolve call 'getEditor'	src\main\java\dev\railroadide\railroad\form\impl\ComboBoxComponent.java:98:57 | src\main\java\dev\railroadide\railroad\form\impl\ComboBoxComponent.java:108:52 | src\main\java\dev\railroadide\railroad\form\impl\ComboBoxComponent.java:112:52
3	ERROR	SEM_UNRESOLVED_CALL	Cannot resolve call 'KeybindData'	src\main\java\dev\railroadide\railroad\settings\keybinds\KeyComboNode.java:32:18 | src\main\java\dev\railroadide\railroad\settings\keybinds\KeybindsList.java:301:29 | src\main\java\dev\railroadide\railroad\settings\keybinds\KeybindsList.java:401:33
3	ERROR	SEM_UNRESOLVED_CALL	Cannot resolve call 'loomVersion'	src\main\java\dev\railroadide\railroad\project\facet\detector\FabricFacetDetector.java:63:41 | src\main\java\dev\railroadide\railroad\project\facet\detector\FabricFacetDetector.java:64:61 | src\main\java\dev\railroadide\railroad\project\facet\detector\FabricFacetDetector.java:65:66
3	ERROR	SEM_UNRESOLVED_CALL	Cannot resolve call 'sorted'	src\main\java\dev\railroadide\railroad\ide\sst\impl\java\JavaLexer.java:414:18 | src\main\java\dev\railroadide\railroad\project\onboarding\impl\ForgeProjectOnboarding.java:696:22 | src\main\java\dev\railroadide\railroad\project\onboarding\impl\NeoforgeProjectOnboarding.java:696:22
3	ERROR	SEM_UNRESOLVED_CALL	Cannot resolve call 'length'	src\main\java\dev\railroadide\railroad\ide\sst\impl\java\JavaLexer.java:414:62 | src\main\java\dev\railroadide\railroad\ide\sst\impl\java\JavaLexer.java:414:83 | src\main\java\dev\railroadide\railroad\ide\ui\codeeditor\CodeEditorPane.java:126:74
3	ERROR	SEM_UNRESOLVED_CALL	Cannot resolve call 'qualifiedName'	src\main\java\dev\railroadide\railroad\ide\diagnostics\inspections\CoreModifierInspection.java:181:100 | src\main\java\dev\railroadide\railroad\ide\sst\impl\java\JavaSemanticAnalyzer.java:2579:47 | src\main\java\dev\railroadide\railroad\plugin\spi\inspection\JavaRuleContext.java:3136:28
3	ERROR	SEM_UNRESOLVED_CALL	Cannot resolve call 'disableProperty'	src\main\java\dev\railroadide\railroad\project\onboarding\OnboardingProcess.java:256:24 | src\main\java\dev\railroadide\railroad\project\onboarding\OnboardingProcess.java:260:24 | src\main\java\dev\railroadide\railroad\project\onboarding\OnboardingProcess.java:264:26
3	ERROR	SEM_UNRESOLVED_CALL	Cannot resolve call 'unbind'	src\main\java\dev\railroadide\railroad\project\onboarding\OnboardingProcess.java:256:42 | src\main\java\dev\railroadide\railroad\project\onboarding\OnboardingProcess.java:260:42 | src\main\java\dev\railroadide\railroad\project\onboarding\OnboardingProcess.java:264:44
3	ERROR	SEM_UNRESOLVED_CALL	Cannot resolve call 'modifiers'	src\main\java\dev\railroadide\railroad\plugin\spi\inspection\JavaRuleContext.java:2537:24 | src\main\java\dev\railroadide\railroad\plugin\spi\inspection\JavaRuleContext.java:2564:23 | src\test\java\dev\railroadide\railroad\ide\sst\impl\java\JavaSemanticAnalyzerTest.java:897:80
3	ERROR	SEM_UNRESOLVED_CALL	Cannot resolve call 'thrownTypes'	src\main\java\dev\railroadide\railroad\plugin\spi\inspection\JavaRuleContext.java:1501:56 | src\main\java\dev\railroadide\railroad\plugin\spi\inspection\JavaRuleContext.java:1513:47 | src\main\java\dev\railroadide\railroad\plugin\spi\inspection\JavaRuleContext.java:2536:40
3	ERROR	SEM_UNRESOLVED_CALL	Cannot resolve call 'toSemanticType'	src\main\java\dev\railroadide\railroad\ide\sst\impl\java\JavaSemanticAnalyzer.java:2162:33 | src\main\java\dev\railroadide\railroad\ide\sst\impl\java\JavaSemanticAnalyzer.java:2200:33 | src\main\java\dev\railroadide\railroad\ide\sst\impl\java\JavaSemanticAnalyzer.java:2559:30
3	ERROR	SEM_UNRESOLVED_CALL	Cannot resolve call 'setOnAction'	src\main\java\dev\railroadide\railroad\project\onboarding\OnboardingProcess.java:255:24 | src\main\java\dev\railroadide\railroad\project\onboarding\OnboardingProcess.java:259:24 | src\main\java\dev\railroadide\railroad\project\onboarding\OnboardingProcess.java:263:26
3	ERROR	SEM_UNRESOLVED_CALL	Cannot resolve call 'sourceFile'	src\main\java\dev\railroadide\railroad\plugin\spi\inspection\JavaRuleContext.java:2081:40 | src\main\java\dev\railroadide\railroad\plugin\spi\inspection\JavaRuleContext.java:2461:38 | src\main\java\dev\railroadide\railroad\plugin\spi\inspection\JavaRuleContext.java:2695:38
3	ERROR	SEM_UNRESOLVED_CALL	Cannot resolve call 'items'	src\main\java\dev\railroadide\railroad\ide\ui\codeeditor\CodeEditorPane.java:439:46 | src\main\java\dev\railroadide\railroad\ui\RRListView.java:38:9 | src\main\java\dev\railroadide\railroad\ui\RRTableView.java:16:9
3	ERROR	SEM_UNRESOLVED_CALL	Cannot resolve call 'keyFunction'	src\main\java\dev\railroadide\railroad\ide\runconfig\defaults\data\GradleRunConfigurationData.java:130:22 | src\main\java\dev\railroadide\railroad\ide\runconfig\defaults\data\JarApplicationRunConfigurationData.java:75:22 | src\main\java\dev\railroadide\railroad\ide\runconfig\defaults\data\JavaApplicationRunConfigurationData.java:52:22
3	ERROR	SEM_UNRESOLVED_CALL	Cannot resolve call 'orElse'	src\main\java\dev\railroadide\railroad\ide\runconfig\defaults\data\GradleRunConfigurationData.java:321:18 | src\main\java\dev\railroadide\railroad\ide\sst\impl\java\JavaSemanticAnalyzer.java:2579:63 | src\main\java\dev\railroadide\railroad\vcs\git\GitManager.java:322:92
3	ERROR	SEM_UNRESOLVED_CALL	Cannot resolve call 'setOutputStream'	src\main\java\dev\railroadide\railroad\project\onboarding\impl\FabricProjectOnboarding.java:139:50 | src\main\java\dev\railroadide\railroad\project\onboarding\impl\ForgeProjectOnboarding.java:170:50 | src\main\java\dev\railroadide\railroad\project\onboarding\impl\NeoforgeProjectOnboarding.java:170:50
3	ERROR	SEM_UNRESOLVED_CALL	Cannot resolve call 'Set'	src\main\java\dev\railroadide\railroad\ide\language\impl\JsonLanguageSupport.java:15:9 | src\main\java\dev\railroadide\railroad\ide\language\impl\MarkdownLanguageSupport.java:13:9 | src\main\java\dev\railroadide\railroad\ide\language\impl\PlainTextLanguageSupport.java:15:9
3	ERROR	SEM_UNRESOLVED_CALL	Cannot resolve call 'cellFactory'	src\main\java\dev\railroadide\railroad\ide\runconfig\defaults\data\GradleRunConfigurationData.java:129:22 | src\main\java\dev\railroadide\railroad\ide\runconfig\defaults\data\JarApplicationRunConfigurationData.java:74:22 | src\main\java\dev\railroadide\railroad\ide\runconfig\defaults\data\JavaApplicationRunConfigurationData.java:51:22
3	ERROR	SEM_UNRESOLVED_CALL	Cannot resolve call 'buttonCell'	src\main\java\dev\railroadide\railroad\ide\runconfig\defaults\data\GradleRunConfigurationData.java:128:22 | src\main\java\dev\railroadide\railroad\ide\runconfig\defaults\data\JarApplicationRunConfigurationData.java:73:22 | src\main\java\dev\railroadide\railroad\ide\runconfig\defaults\data\JavaApplicationRunConfigurationData.java:50:22
3	ERROR	SEM_UNRESOLVED_CALL	Cannot resolve call 'translate'	src\main\java\dev\railroadide\railroad\ide\runconfig\defaults\data\GradleRunConfigurationData.java:127:22 | src\main\java\dev\railroadide\railroad\ide\runconfig\defaults\data\JarApplicationRunConfigurationData.java:72:22 | src\main\java\dev\railroadide\railroad\ide\runconfig\defaults\data\JavaApplicationRunConfigurationData.java:49:22
3	ERROR	SEM_UNRESOLVED_CALL	Cannot resolve call 'ifPresent'	src\main\java\dev\railroadide\railroad\ide\ui\git\overview\GitOverviewRecentCommitsPane.java:132:52 | src\main\java\dev\railroadide\railroad\plugin\spi\inspection\JavaRuleContext.java:3136:44 | src\main\java\dev\railroadide\railroad\switchboard\cache\impl\MigratingCacheManager.java:40:24
3	ERROR	SEM_UNRESOLVED_CALL	Cannot resolve call 'setSelected'	src\main\java\dev\railroadide\railroad\form\impl\CheckBoxComponent.java:88:46 | src\main\java\dev\railroadide\railroad\form\ui\FormCheckBox.java:42:59 | src\main\java\dev\railroadide\railroad\settings\DefaultSettingCodecs.java:25:59
3	ERROR	SEM_UNRESOLVED_CALL	Cannot resolve call 'assertThrows'	src\test\java\dev\railroadide\railroad\java\cli\JarCLIBuilderTest.java:48:9 | src\test\java\dev\railroadide\railroad\java\cli\JavaExecutableCLIBuilderTest.java:50:9 | src\test\java\dev\railroadide\railroad\java\cli\KeytoolCLIBuilderTest.java:23:9
3	ERROR	SEM_UNRESOLVED_CALL	Cannot resolve call 'noTitle'	src\main\java\dev\railroadide\railroad\settings\Settings.java:33:10 | src\main\java\dev\railroadide\railroad\settings\Settings.java:44:10 | src\main\java\dev\railroadide\railroad\settings\Settings.java:162:14
3	ERROR	SEM_UNRESOLVED_CALL	Cannot resolve call 'noDescription'	src\main\java\dev\railroadide\railroad\settings\Settings.java:34:10 | src\main\java\dev\railroadide\railroad\settings\Settings.java:45:10 | src\main\java\dev\railroadide\railroad\settings\Settings.java:163:14
3	ERROR	SEM_UNRESOLVED_CALL	Cannot resolve call 'valueOfFunction'	src\main\java\dev\railroadide\railroad\ide\runconfig\defaults\data\GradleRunConfigurationData.java:131:22 | src\main\java\dev\railroadide\railroad\ide\runconfig\defaults\data\JarApplicationRunConfigurationData.java:76:22 | src\main\java\dev\railroadide\railroad\ide\runconfig\defaults\data\JavaApplicationRunConfigurationData.java:53:22
3	ERROR	SEM_UNRESOLVED_CALL	Cannot resolve call 'javaLanguageSettings'	src\main\java\dev\railroadide\railroad\ide\language\impl\index\JavaLanguageIndexContextContributor.java:250:64 | src\main\java\dev\railroadide\railroad\ide\language\impl\index\JavaLanguageIndexContextContributor.java:253:73 | src\main\java\dev\railroadide\railroad\project\facet\detector\JavaFacetDetector.java:78:67
3	ERROR	SEM_UNRESOLVED_CALL	Cannot resolve call 'Collections'	src\main\java\dev\railroadide\railroad\settings\ui\AbstractPathListPane.java:99:9 | src\main\java\dev\railroadide\railroad\settings\ui\DirectoryListPane.java:27:9 | src\main\java\dev\railroadide\railroad\settings\ui\FileListPane.java:27:9
3	ERROR	SEM_UNRESOLVED_CALL	Cannot resolve call 'getParent'	src\main\java\dev\railroadide\railroad\ide\projectexplorer\PathTreeCell.java:248:56 | src\main\java\dev\railroadide\railroad\ide\projectexplorer\ProjectExplorerPane.java:546:87 | src\main\java\dev\railroadide\railroad\ide\projectexplorer\ProjectExplorerPane.java:560:87
2	ERROR	SEM_UNRESOLVED_CALL	Cannot resolve call 'getIcon'	src\main\java\dev\railroadide\railroad\ide\projectexplorer\dialog\CreateFileDialog.java:195:33 | src\main\java\dev\railroadide\railroad\welcome\WelcomeLeftPane.java:91:34
2	ERROR	SEM_UNRESOLVED_CALL	Cannot resolve call 'supports'	src\main\java\dev\railroadide\railroad\ide\language\LanguageSupportRegistry.java:54:40 | src\main\java\dev\railroadide\railroad\project\MappingChannelRegistry.java:51:36
2	ERROR	SEM_UNRESOLVED_CALL	Cannot resolve call 'toArray'	src\main\java\dev\railroadide\railroad\java\cli\impl\JavadocCLIBuilder.java:1344:94 | src\main\java\dev\railroadide\railroad\ui\localized\LocalizedTextProperty.java:81:89
2	ERROR	SEM_UNRESOLVED_CALL	Cannot resolve call 'toEpochSecond'	src\main\java\dev\railroadide\railroad\project\onboarding\creation\step\ResolveFabricMdkVersionStep.java:70:50 | src\main\java\dev\railroadide\railroad\project\onboarding\creation\step\ResolveFabricMdkVersionStep.java:81:56
2	ERROR	SEM_UNRESOLVED_CALL	Cannot resolve call 'methods'	src\test\java\dev\railroadide\railroad\ide\sst\impl\java\JavaSemanticAnalyzerTest.java:893:98 | src\test\java\dev\railroadide\railroad\ide\sst\impl\java\JavaSemanticAnalyzerTest.java:895:98
2	ERROR	SEM_UNRESOLVED_CALL	Cannot resolve call 'toAbsolutePath'	src\main\java\dev\railroadide\railroad\ide\projectexplorer\PathTreeCell.java:248:68 | src\main\java\dev\railroadide\railroad\ide\projectexplorer\ProjectExplorerPane.java:580:61
2	ERROR	SEM_UNRESOLVED_CALL	Cannot resolve call 'SimpleJavaInspectionRule'	src\main\java\dev\railroadide\railroad\ide\diagnostics\inspections\CoreImportInspection.java:36:19 | src\main\java\dev\railroadide\railroad\ide\diagnostics\inspections\CoreNameResolutionInspection.java:37:19
2	ERROR	SEM_UNRESOLVED_CALL	Cannot resolve call 'onBusyStateChanged'	src\main\java\dev\railroadide\railroad\project\onboarding\OnboardingProcess.java:83:67 | src\main\java\dev\railroadide\railroad\project\onboarding\OnboardingProcess.java:84:21
2	ERROR	SEM_UNRESOLVED_CALL	Cannot resolve call 'getFirst'	src\test\java\dev\railroadide\railroad\ide\classparser\ClassStubParserTest.java:30:75 | src\test\java\dev\railroadide\railroad\ide\classparser\ClassStubParserTest.java:31:72
2	ERROR	SEM_UNRESOLVED_CALL	Cannot resolve call 'getValidContexts'	src\main\java\dev\railroadide\railroad\settings\keybinds\KeybindHandler.java:24:25 | src\main\java\dev\railroadide\railroad\settings\keybinds\KeybindHandler.java:24:73
2	ERROR	SEM_UNRESOLVED_CALL	Cannot resolve call 'RenameClassesStep'	src\main\java\dev\railroadide\railroad\project\onboarding\creation\DefaultProjectCreationPipelineService.java:53:20 | src\main\java\dev\railroadide\railroad\project\onboarding\creation\DefaultProjectCreationPipelineService.java:69:20
2	ERROR	SEM_UNRESOLVED_CALL	Cannot resolve call 'UpdateGradlePropertiesStep'	src\main\java\dev\railroadide\railroad\project\onboarding\creation\DefaultProjectCreationPipelineService.java:49:20 | src\main\java\dev\railroadide\railroad\project\onboarding\creation\DefaultProjectCreationPipelineService.java:66:20
2	ERROR	SEM_UNRESOLVED_CALL	Cannot resolve call 'LocalizedLabel'	src\main\java\dev\railroadide\railroad\settings\ui\DetectedJdkListPane.java:40:50 | src\main\java\dev\railroadide\railroad\welcome\WelcomeHeaderPane.java:27:57
2	ERROR	SEM_UNRESOLVED_CALL	Cannot resolve call 'InitGitStep'	src\main\java\dev\railroadide\railroad\project\onboarding\creation\DefaultProjectCreationPipelineService.java:57:20 | src\main\java\dev\railroadide\railroad\project\onboarding\creation\DefaultProjectCreationPipelineService.java:76:20
2	ERROR	SEM_UNRESOLVED_CALL	Cannot resolve call 'root'	src\main\java\dev\railroadide\railroad\ide\diagnostics\inspections\CoreDuplicateDeclarationInspection.java:39:86 | src\main\java\dev\railroadide\railroad\ui\RRCheckBoxTreeView.java:18:9
2	ERROR	SEM_UNRESOLVED_CALL	Cannot resolve call 'CreateDirectoriesStep'	src\main\java\dev\railroadide\railroad\project\onboarding\creation\DefaultProjectCreationPipelineService.java:43:20 | src\main\java\dev\railroadide\railroad\project\onboarding\creation\DefaultProjectCreationPipelineService.java:61:20
2	ERROR	SEM_UNRESOLVED_CALL	Cannot resolve call 'forEach'	src\main\java\dev\railroadide\railroad\ide\language\impl\index\JavaLanguageIndexContextContributor.java:219:22 | src\main\java\dev\railroadide\railroad\settings\keybinds\KeybindHandler.java:27:46
2	ERROR	SEM_UNRESOLVED_CALL	Cannot resolve call 'distinct'	src\main\java\dev\railroadide\railroad\project\onboarding\impl\ForgeProjectOnboarding.java:695:22 | src\main\java\dev\railroadide\railroad\project\onboarding\impl\NeoforgeProjectOnboarding.java:695:22
2	ERROR	SEM_UNRESOLVED_CALL	Cannot resolve call 'RenamePackagesStep'	src\main\java\dev\railroadide\railroad\project\onboarding\creation\DefaultProjectCreationPipelineService.java:50:20 | src\main\java\dev\railroadide\railroad\project\onboarding\creation\DefaultProjectCreationPipelineService.java:67:20
2	ERROR	SEM_UNRESOLVED_CALL	Cannot resolve call 'findFirst'	src\main\java\dev\railroadide\railroad\ide\runconfig\defaults\data\GradleRunConfigurationData.java:319:18 | src\test\java\dev\railroadide\railroad\ide\classparser\ClassStubParserTest.java:26:14
2	ERROR	SEM_UNRESOLVED_CALL	Cannot resolve call 'getItems'	src\main\java\dev\railroadide\railroad\form\impl\ComboBoxComponent.java:83:56 | src\main\java\dev\railroadide\railroad\form\impl\ComboBoxComponent.java:86:76
2	ERROR	SEM_UNRESOLVED_CALL	Cannot resolve call 'title'	src\main\java\dev\railroadide\railroad\project\onboarding\step\OnboardingFormStep.java:295:32 | src\main\java\dev\railroadide\railroad\ui\RRFormContainer.java:24:9
2	ERROR	SEM_UNRESOLVED_CALL	Cannot resolve call 'titleKey'	src\main\java\dev\railroadide\railroad\ui\localized\LocalizedTab.java:24:9 | src\main\java\dev\railroadide\railroad\ui\localized\LocalizedTitledPane.java:14:9
2	ERROR	SEM_UNRESOLVED_CALL	Cannot resolve call 'UpdateGradleFilesStep'	src\main\java\dev\railroadide\railroad\project\onboarding\creation\DefaultProjectCreationPipelineService.java:54:20 | src\main\java\dev\railroadide\railroad\project\onboarding\creation\DefaultProjectCreationPipelineService.java:70:20
2	ERROR	SEM_UNRESOLVED_CALL	Cannot resolve call 'maybeAssigned'	src\main\java\dev\railroadide\railroad\ide\diagnostics\inspections\CoreDefiniteAssignmentInspection.java:1604:35 | src\main\java\dev\railroadide\railroad\ide\diagnostics\inspections\CoreDefiniteAssignmentInspection.java:1754:31
2	ERROR	SEM_UNRESOLVED_CALL	Cannot resolve call 'definitelyAssigned'	src\main\java\dev\railroadide\railroad\ide\diagnostics\inspections\CoreDefiniteAssignmentInspection.java:1603:43 | src\main\java\dev\railroadide\railroad\ide\diagnostics\inspections\CoreDefiniteAssignmentInspection.java:1753:36
2	ERROR	SEM_UNRESOLVED_CALL	Cannot resolve call 'getState'	src\main\java\dev\railroadide\railroad\java\cli\impl\JavaExecutableCLIBuilder.java:286:54 | src\main\java\dev\railroadide\railroad\java\cli\impl\JavaExecutableCLIBuilder.java:1169:67
2	ERROR	SEM_UNRESOLVED_CALL	Cannot resolve call 'createLocalizedDetailsRow'	src\main\java\dev\railroadide\railroad\ide\ui\git\branches\GitLocalBranchesListView.java:62:18 | src\main\java\dev\railroadide\railroad\ide\ui\git\branches\GitLocalBranchesListView.java:63:18
2	ERROR	SEM_UNRESOLVED_CALL	Cannot resolve call 'classStubsByQualifiedName'	src\main\java\dev\railroadide\railroad\ide\sst\project\JavaJdkSymbolIndex.java:16:9 | src\main\java\dev\railroadide\railroad\ide\sst\project\JavaLibrarySymbolIndex.java:24:9
2	ERROR	SEM_UNRESOLVED_CALL	Cannot resolve call 'isStatic'	src\main\java\dev\railroadide\railroad\ide\sst\impl\java\JavaSemanticAnalyzer.java:3239:89 | src\main\java\dev\railroadide\railroad\ide\sst\impl\java\JavaSemanticAnalyzer.java:3263:88
2	ERROR	SEM_UNRESOLVED_CALL	Cannot resolve call 'Argument'	src\main\java\dev\railroadide\railroad\project\minecraft\pistonmeta\CLIArguments.java:52:42 | src\main\java\dev\railroadide\railroad\project\minecraft\pistonmeta\CLIArguments.java:77:42
2	ERROR	SEM_UNRESOLVED_CALL	Cannot resolve call 'visibleProperty'	src\main\java\dev\railroadide\railroad\form\FormComponent.java:75:34 | src\main\java\dev\railroadide\railroad\form\FormComponent.java:82:38
2	ERROR	SEM_UNRESOLVED_CALL	Cannot resolve call 'getGitManager'	src\main\java\dev\railroadide\railroad\ide\ui\git\branches\GitLocalBranchesListView.java:34:28 | src\main\java\dev\railroadide\railroad\ide\ui\git\branches\GitRemoteBranchesListView.java:27:28
2	ERROR	SEM_UNRESOLVED_CALL	Cannot resolve call 'getSuffix'	src\main\java\dev\railroadide\railroad\java\cli\impl\JarsignerCLIBuilder.java:746:21 | src\main\java\dev\railroadide\railroad\java\cli\impl\JarsignerCLIBuilder.java:747:35
2	ERROR	SEM_UNRESOLVED_CALL	Cannot resolve call 'hgap'	src\main\java\dev\railroadide\railroad\ui\RRFlowPane.java:19:9 | src\main\java\dev\railroadide\railroad\ui\RRFlowPane.java:39:9
2	ERROR	SEM_UNRESOLVED_CALL	Cannot resolve call 'swapRightButton'	src\main\java\dev\railroadide\railroad\project\onboarding\OnboardingProcess.java:229:25 | src\main\java\dev\railroadide\railroad\project\onboarding\OnboardingProcess.java:231:25
2	ERROR	SEM_UNRESOLVED_CALL	Cannot resolve call 'getCode'	src\main\java\dev\railroadide\railroad\project\onboarding\OnboardingProcess.java:239:27 | src\main\java\dev\railroadide\railroad\project\onboarding\OnboardingProcess.java:242:34
2	ERROR	SEM_UNRESOLVED_CALL	Cannot resolve call 'value'	src\main\java\dev\railroadide\railroad\ui\RRCheckBoxTreeItem.java:46:9 | src\main\java\dev\railroadide\railroad\ui\RRCheckBoxTreeItem.java:51:9
2	ERROR	SEM_UNRESOLVED_CALL	Cannot resolve call 'consume'	src\main\java\dev\railroadide\railroad\project\onboarding\OnboardingProcess.java:240:27 | src\main\java\dev\railroadide\railroad\project\onboarding\OnboardingProcess.java:243:27
2	ERROR	SEM_UNRESOLVED_CALL	Cannot resolve call 'selectedProperty'	src\main\java\dev\railroadide\railroad\form\impl\CheckBoxComponent.java:59:48 | src\main\java\dev\railroadide\railroad\form\impl\CheckBoxComponent.java:66:48
2	ERROR	SEM_UNRESOLVED_CALL	Cannot resolve call 'tagsByCommit'	src\main\java\dev\railroadide\railroad\ide\ui\git\commit\details\GitCommitDetailsPane.java:65:37 | src\main\java\dev\railroadide\railroad\ide\ui\git\commit\list\GitCommitListViewPane.java:92:37
2	ERROR	SEM_UNRESOLVED_CALL	Cannot resolve call 'getNextButton'	src\main\java\dev\railroadide\railroad\project\onboarding\OnboardingProcess.java:197:41 | src\main\java\dev\railroadide\railroad\project\onboarding\OnboardingProcess.java:254:38
2	ERROR	SEM_UNRESOLVED_CALL	Cannot resolve call 'getFinishButton'	src\main\java\dev\railroadide\railroad\project\onboarding\OnboardingProcess.java:198:43 | src\main\java\dev\railroadide\railroad\project\onboarding\OnboardingProcess.java:262:40
2	ERROR	SEM_UNRESOLVED_CALL	Cannot resolve call 'hide'	src\main\java\dev\railroadide\railroad\ide\ui\JsonCodeEditorPane.java:58:50 | src\main\java\dev\railroadide\railroad\ide\ui\JsonCodeEditorPane.java:183:54
2	ERROR	SEM_UNRESOLVED_CALL	Cannot resolve call 'version'	src\main\java\dev\railroadide\railroad\project\facet\detector\FabricFacetDetector.java:64:75 | src\main\java\dev\railroadide\railroad\switchboard\repositories\FabricLoaderVersionRepository.java:86:64
2	ERROR	SEM_UNRESOLVED_CALL	Cannot resolve call 'setContent'	src\main\java\dev\railroadide\railroad\project\onboarding\OnboardingProcess.java:109:29 | src\main\java\dev\railroadide\railroad\project\onboarding\OnboardingProcess.java:298:25
2	ERROR	SEM_UNRESOLVED_CALL	Cannot resolve call 'green'	src\main\java\dev\railroadide\railroad\ide\sst\syntax\internal\RedNode.java:12:9 | src\main\java\dev\railroadide\railroad\ide\sst\syntax\internal\RedToken.java:7:9
2	ERROR	SEM_UNRESOLVED_CALL	Cannot resolve call 'getBackButton'	src\main\java\dev\railroadide\railroad\project\onboarding\OnboardingProcess.java:196:41 | src\main\java\dev\railroadide\railroad\project\onboarding\OnboardingProcess.java:258:38
2	ERROR	SEM_UNRESOLVED_CALL	Cannot resolve call 'bind'	src\main\java\dev\railroadide\railroad\form\FormComponent.java:75:52 | src\main\java\dev\railroadide\railroad\form\FormComponent.java:82:56
2	ERROR	SEM_UNRESOLVED_CALL	Cannot resolve call 'strip'	src\main\java\dev\railroadide\railroad\ide\ui\git\commit\details\GitCommitCreateTagButton.java:66:29 | src\main\java\dev\railroadide\railroad\ide\ui\git\commit\details\GitCommitNewBranchButton.java:103:29
2	ERROR	SEM_UNRESOLVED_CALL	Cannot resolve call 'headCommitHash'	src\main\java\dev\railroadide\railroad\ide\ui\git\commit\details\GitCommitDetailsPane.java:64:39 | src\main\java\dev\railroadide\railroad\ide\ui\git\commit\list\GitCommitListViewPane.java:91:39
2	ERROR	SEM_UNRESOLVED_CALL	Cannot resolve call 'onStepChanged'	src\main\java\dev\railroadide\railroad\project\onboarding\OnboardingProcess.java:115:29 | src\main\java\dev\railroadide\railroad\project\onboarding\OnboardingProcess.java:299:25
2	ERROR	SEM_UNRESOLVED_CALL	Cannot resolve call 'getTarget'	src\main\java\dev\railroadide\railroad\ide\ui\git\commit\changes\FileItem.java:59:23 | src\main\java\dev\railroadide\railroad\ide\ui\git\commit\list\GitCommitListViewPane.java:73:23
2	ERROR	SEM_UNRESOLVED_CALL	Cannot resolve call 'getFileName'	src\main\java\dev\railroadide\railroad\ide\ui\git\commit\changes\FileItem.java:36:30 | src\main\java\dev\railroadide\railroad\ide\ui\git\overview\GitOverviewHeaderPane.java:194:70
1	ERROR	SEM_UNRESOLVED_CALL	Cannot resolve call 'initialValue'	src\main\java\dev\railroadide\railroad\form\UpdatableObjectProperty.java:29:9
1	ERROR	SEM_UNRESOLVED_CALL	Cannot resolve call 'removeAll'	src\main\java\dev\railroadide\railroad\form\FormComponent.java:302:34
1	ERROR	SEM_UNRESOLVED_CALL	Cannot resolve call 'dependencyNode'	src\main\java\dev\railroadide\railroad\gradle\ui\tree\GradleDependencyElement.java:14:9
1	ERROR	SEM_UNRESOLVED_CALL	Cannot resolve call 'fromComponent'	src\main\java\dev\railroadide\railroad\form\FormTransformer.java:38:9
1	ERROR	SEM_UNRESOLVED_CALL	Cannot resolve call 'setDisable'	src\main\java\dev\railroadide\railroad\form\FormComponent.java:290:25
1	ERROR	SEM_UNRESOLVED_CALL	Cannot resolve call 'setLabelFor'	src\main\java\dev\railroadide\railroad\form\ui\LabeledHBox.java:48:20
1	ERROR	SEM_UNRESOLVED_CALL	Cannot resolve call 'label'	src\main\java\dev\railroadide\railroad\form\ui\FormCheckBox.java:22:9
1	ERROR	SEM_UNRESOLVED_CALL	Cannot resolve call 'isVisible'	src\main\java\dev\railroadide\railroad\form\FormSection.java:149:38
1	ERROR	SEM_UNRESOLVED_CALL	Cannot resolve call 'lines'	src\main\java\dev\railroadide\railroad\form\ui\FormTextArea.java:79:48
1	ERROR	SEM_UNRESOLVED_CALL	Cannot resolve call 'getGroup'	src\main\java\dev\railroadide\railroad\gradle\ui\task\GradleTaskTreeBuilder.java:80:37
1	ERROR	SEM_UNRESOLVED_CALL	Cannot resolve call 'isClosed'	src\main\java\dev\railroadide\railroad\ide\DefaultIDEStateService.java:30:30
1	ERROR	SEM_UNRESOLVED_CALL	Cannot resolve call 'file'	src\main\java\dev\railroadide\railroad\ide\DefaultIDEStateService.java:36:39
1	ERROR	SEM_UNRESOLVED_CALL	Cannot resolve call 'isActivatedEvent'	src\main\java\dev\railroadide\railroad\ide\DefaultIDEStateService.java:41:30
1	ERROR	SEM_UNRESOLVED_CALL	Cannot resolve call 'isOpenedEvent'	src\main\java\dev\railroadide\railroad\ide\DefaultIDEStateService.java:37:23
1	ERROR	SEM_UNRESOLVED_CALL	Cannot resolve call 'facet'	src\main\java\dev\railroadide\railroad\ide\IDESetup.java:120:42
1	ERROR	SEM_UNRESOLVED_CALL	Cannot resolve call 'Objects'	src\main\java\dev\railroadide\railroad\gradle\ui\tree\GradleModuleElement.java:17:9
1	ERROR	SEM_UNRESOLVED_CALL	Cannot resolve call 'task'	src\main\java\dev\railroadide\railroad\gradle\ui\tree\GradleTaskElement.java:18:9
1	ERROR	SEM_UNRESOLVED_CALL	Cannot resolve call 'isOpened'	src\main\java\dev\railroadide\railroad\ide\DefaultIDEStateService.java:28:23
1	ERROR	SEM_UNRESOLVED_CALL	Cannot resolve call 'getConfigurations'	src\main\java\dev\railroadide\railroad\gradle\ui\deps\GradleDependenciesPane.java:32:39
1	ERROR	SEM_UNRESOLVED_CALL	Cannot resolve call 'getAutoCompleteOptions'	src\main\java\dev\railroadide\railroad\form\impl\TextFieldComponent.java:53:173
1	ERROR	SEM_UNRESOLVED_CALL	Cannot resolve call 'createConfigurationForm'	src\main\java\dev\railroadide\railroad\ide\runconfig\ui\RunConfigurationEditorPane.java:246:46
1	ERROR	SEM_UNRESOLVED_CALL	Cannot resolve call 'applyConfigurationFormData'	src\main\java\dev\railroadide\railroad\ide\runconfig\ui\RunConfigurationEditorPane.java:271:30
1	ERROR	SEM_UNRESOLVED_CALL	Cannot resolve call 'RailroadBrandsIcon'	src\main\java\dev\railroadide\railroad\ide\runconfig\defaults\GradleRunConfigurationType.java:34:9
1	ERROR	SEM_UNRESOLVED_CALL	Cannot resolve call 'getSelectedConfigurations'	src\main\java\dev\railroadide\railroad\ide\runconfig\ui\form\RunConfigurationPickerComponent.java:181:45
1	ERROR	SEM_UNRESOLVED_CALL	Cannot resolve call 'run'	src\main\java\dev\railroadide\railroad\ide\runconfig\defaults\JavaApplicationRunConfigurationType.java:111:39
1	ERROR	SEM_UNRESOLVED_CALL	Cannot resolve call 'getTasks'	src\main\java\dev\railroadide\railroad\ide\runconfig\defaults\data\GradleRunConfigurationData.java:317:43
1	ERROR	SEM_UNRESOLVED_CALL	Cannot resolve call 'initialSelectionSupplier'	src\main\java\dev\railroadide\railroad\ide\runconfig\defaults\data\CompoundRunConfigurationData.java:79:22
1	ERROR	SEM_UNRESOLVED_CALL	Cannot resolve call 'RailroadIcon'	src\main\java\dev\railroadide\railroad\ide\runconfig\defaults\JarApplicationRunConfigurationType.java:24:9
1	ERROR	SEM_UNRESOLVED_CALL	Cannot resolve call 'bindComboBoxTo'	src\main\java\dev\railroadide\railroad\ide\runconfig\defaults\data\GradleRunConfigurationData.java:136:22
1	ERROR	SEM_UNRESOLVED_CALL	Cannot resolve call 'setCut'	src\main\java\dev\railroadide\railroad\ide\projectexplorer\ProjectExplorerPane.java:198:29
1	ERROR	SEM_UNRESOLVED_CALL	Cannot resolve call 'setItems'	src\main\java\dev\railroadide\railroad\form\impl\ComboBoxComponent.java:81:56
1	ERROR	SEM_UNRESOLVED_CALL	Cannot resolve call 'setCellFactory'	src\main\java\dev\railroadide\railroad\form\impl\ComboBoxComponent.java:69:52
1	ERROR	SEM_UNRESOLVED_CALL	Cannot resolve call 'setAll'	src\main\java\dev\railroadide\railroad\form\impl\ComboBoxComponent.java:83:67
1	ERROR	SEM_UNRESOLVED_CALL	Cannot resolve call 'setOnKeyTyped'	src\main\java\dev\railroadide\railroad\form\impl\ComboBoxComponent.java:98:69
1	ERROR	SEM_UNRESOLVED_CALL	Cannot resolve call 'setButtonCell'	src\main\java\dev\railroadide\railroad\form\impl\ComboBoxComponent.java:73:52
1	ERROR	SEM_UNRESOLVED_CALL	Cannot resolve call 'getExtension'	src\main\java\dev\railroadide\railroad\ide\projectexplorer\dialog\CreateFileDialog.java:85:46
1	ERROR	SEM_UNRESOLVED_CALL	Cannot resolve call 'getTemplate'	src\main\java\dev\railroadide\railroad\ide\projectexplorer\dialog\CreateFileDialog.java:83:45
1	ERROR	SEM_UNRESOLVED_CALL	Cannot resolve call 'options'	src\main\java\dev\railroadide\railroad\form\impl\RadioButtonGroupComponent.java:40:29
1	ERROR	SEM_UNRESOLVED_CALL	Cannot resolve call 'equalsIgnoreCase'	src\main\java\dev\railroadide\railroad\ide\runconfig\RunConfigurationManager.java:139:41
1	ERROR	SEM_UNRESOLVED_CALL	Cannot resolve call 'isClosedEvent'	src\main\java\dev\railroadide\railroad\ide\DefaultIDEStateService.java:39:30
1	ERROR	SEM_UNRESOLVED_CALL	Cannot resolve call 'item'	src\main\java\dev\railroadide\railroad\ide\ui\git\commit\changes\CommitTreeItem.java:15:9
1	ERROR	SEM_UNRESOLVED_CALL	Cannot resolve call 'changes'	src\main\java\dev\railroadide\railroad\ide\ui\git\commit\GitCommitChangesPane.java:32:97
1	ERROR	SEM_UNRESOLVED_CALL	Cannot resolve call 'isJsonObject'	src\main\java\dev\railroadide\railroad\ide\ui\setup\TerminalFactory.java:296:26
1	ERROR	SEM_UNRESOLVED_CALL	Cannot resolve call 'isAllowMultipleInstances'	src\main\java\dev\railroadide\railroad\ide\ui\setup\RunControlsPane.java:351:62
1	ERROR	SEM_UNRESOLVED_CALL	Cannot resolve call 'getAllLocalBranches'	src\main\java\dev\railroadide\railroad\ide\ui\git\branches\GitLocalBranchesListView.java:34:44
1	ERROR	SEM_UNRESOLVED_CALL	Cannot resolve call 'signature'	src\main\java\dev\railroadide\railroad\ide\sst\impl\java\JavaSemanticAnalyzer.java:3265:78
1	ERROR	SEM_UNRESOLVED_CALL	Cannot resolve call 'input'	src\main\java\dev\railroadide\railroad\ide\sst\impl\java\JavaLexer.java:40:9
1	ERROR	SEM_UNRESOLVED_CALL	Cannot resolve call 'getAllRemoteBranches'	src\main\java\dev\railroadide\railroad\ide\ui\git\branches\GitRemoteBranchesListView.java:27:44
1	ERROR	SEM_UNRESOLVED_CALL	Cannot resolve call 'averageNanos'	src\main\java\dev\railroadide\railroad\ide\sst\impl\java\JavaParserBenchmarkRunner.java:162:103
1	ERROR	SEM_UNRESOLVED_CALL	Cannot resolve call 'getAsJsonObject'	src\main\java\dev\railroadide\railroad\ide\ui\setup\TerminalFactory.java:299:42
1	ERROR	SEM_UNRESOLVED_CALL	Cannot resolve call 'lastCommit'	src\main\java\dev\railroadide\railroad\ide\ui\git\branches\AbstractGitBranchesListView.java:164:39
1	ERROR	SEM_UNRESOLVED_CALL	Cannot resolve call 'getLength'	src\main\java\dev\railroadide\railroad\ide\ui\JsonCodeEditorPane.java:176:38
1	ERROR	SEM_UNRESOLVED_CALL	Cannot resolve call 'namedThreadFactory'	src\main\java\dev\railroadide\railroad\ide\ui\codeeditor\CodeEditorPane.java:66:9
1	ERROR	SEM_UNRESOLVED_CALL	Cannot resolve call 'status'	src\main\java\dev\railroadide\railroad\ide\ui\git\branches\AbstractGitBranchesListView.java:154:34
1	ERROR	SEM_UNRESOLVED_CALL	Cannot resolve call 'popup'	src\main\java\dev\railroadide\railroad\ide\ui\JsonCodeEditorPane.java:58:42
1	ERROR	SEM_UNRESOLVED_CALL	Cannot resolve call 'reference'	src\main\java\dev\railroadide\railroad\ide\ui\git\stash\GitStashPane.java:196:83
1	ERROR	SEM_UNRESOLVED_CALL	Cannot resolve call 'noneMatch'	src\main\java\dev\railroadide\railroad\ide\ui\git\stash\GitStashPane.java:196:58
1	ERROR	SEM_UNRESOLVED_CALL	Cannot resolve call 'getStyle'	src\main\java\dev\railroadide\railroad\ide\ui\JsonCodeEditorPane.java:171:56
1	ERROR	SEM_UNRESOLVED_CALL	Cannot resolve call 'endsWith'	src\main\java\dev\railroadide\railroad\ide\ui\git\branches\AbstractGitBranchesListView.java:236:39
1	ERROR	SEM_UNRESOLVED_CALL	Cannot resolve call 'offset'	src\main\java\dev\railroadide\railroad\ide\sst\impl\java\JavaLexerSnapshot.java:16:9
1	ERROR	SEM_UNRESOLVED_CALL	Cannot resolve call 'getPreArgument'	src\main\java\dev\railroadide\railroad\java\cli\impl\JavaExecutableCLIBuilder.java:3208:41
1	ERROR	SEM_UNRESOLVED_CALL	Cannot resolve call 'getCategoryName'	src\main\java\dev\railroadide\railroad\java\cli\impl\JavaExecutableCLIBuilder.java:832:57
1	ERROR	SEM_UNRESOLVED_CALL	Cannot resolve call 'getType'	src\main\java\dev\railroadide\railroad\project\facet\FacetManager.java:160:82
1	ERROR	SEM_UNRESOLVED_CALL	Cannot resolve call 'PluginManager'	src\main\java\dev\railroadide\railroad\plugin\ui\PluginsPane.java:61:9
1	ERROR	SEM_UNRESOLVED_CALL	Cannot resolve call 'getCommand'	src\main\java\dev\railroadide\railroad\java\cli\impl\JavaExecutableCLIBuilder.java:1628:62
1	ERROR	SEM_UNRESOLVED_CALL	Cannot resolve call 'getToken'	src\main\java\dev\railroadide\railroad\java\cli\impl\JarsignerCLIBuilder.java:465:53
1	ERROR	SEM_UNRESOLVED_CALL	Cannot resolve call 'getModule'	src\main\java\dev\railroadide\railroad\java\cli\impl\JavaExecutableCLIBuilder.java:334:58
1	ERROR	SEM_UNRESOLVED_CALL	Cannot resolve call 'mapToObj'	src\main\java\dev\railroadide\railroad\java\cli\impl\JavadocCLIBuilder.java:1344:66
1	ERROR	SEM_UNRESOLVED_CALL	Cannot resolve call 'getComponent'	src\main\java\dev\railroadide\railroad\java\cli\impl\JavaExecutableCLIBuilder.java:576:52
1	ERROR	SEM_UNRESOLVED_CALL	Cannot resolve call 'minecraftVersion'	src\main\java\dev\railroadide\railroad\project\facet\detector\FabricFacetDetector.java:59:62
1	ERROR	SEM_UNRESOLVED_CALL	Cannot resolve call 'JavaProjectSemanticExtractor'	src\main\java\dev\railroadide\railroad\ide\sst\project\JavaProjectSemanticIndexer.java:20:9
1	ERROR	SEM_UNRESOLVED_CALL	Cannot resolve call 'getId'	src\main\java\dev\railroadide\railroad\plugin\PluginManager.java:426:34
1	ERROR	SEM_UNRESOLVED_CALL	Cannot resolve call 'List'	src\main\java\dev\railroadide\railroad\ide\ui\DiagnosticPane.java:72:9
1	ERROR	SEM_UNRESOLVED_CALL	Cannot resolve call 'getMessage'	src\main\java\dev\railroadide\railroad\ide\ui\DiagnosticPane.java:49:39
1	ERROR	SEM_UNRESOLVED_CALL	Cannot resolve call 'MavenDep'	src\main\java\dev\railroadide\railroad\plugin\spi\deps\MavenDep.java:23:19
1	ERROR	SEM_UNRESOLVED_CALL	Cannot resolve call 'URL'	src\main\java\dev\railroadide\railroad\plugin\PluginClassLoader.java:25:9
1	ERROR	SEM_UNRESOLVED_CALL	Cannot resolve call 'fabricData'	src\main\java\dev\railroadide\railroad\project\facet\detector\FabricFacetDetector.java:58:94
1	ERROR	SEM_UNRESOLVED_CALL	Cannot resolve call 'returnType'	src\main\java\dev\railroadide\railroad\plugin\spi\inspection\JavaRuleContext.java:2535:39
1	ERROR	SEM_UNRESOLVED_CALL	Cannot resolve call 'isTopLevel'	src\main\java\dev\railroadide\railroad\plugin\spi\inspection\JavaRuleContext.java:2461:69
1	ERROR	SEM_UNRESOLVED_CALL	Cannot resolve call 'translateContent'	src\main\java\dev\railroadide\railroad\welcome\imports\WelcomeImportProjectsPane.java:130:42
1	ERROR	SEM_UNRESOLVED_CALL	Cannot resolve call 'ProjectSort'	src\main\java\dev\railroadide\railroad\welcome\project\ui\widget\ProjectSortComboBox.java:39:9
1	ERROR	SEM_UNRESOLVED_CALL	Cannot resolve call 'HttpClientMode'	src\main\java\dev\railroadide\railroad\utility\network\check\HTTPCheck.java:17:9
1	ERROR	SEM_UNRESOLVED_CALL	Cannot resolve call 'URI'	src\main\java\dev\railroadide\railroad\utility\compiler\JavaSourceFromString.java:18:9
1	ERROR	SEM_UNRESOLVED_CALL	Cannot resolve call 'orElseThrow'	src\test\java\dev\railroadide\railroad\ide\classparser\ClassStubParserTest.java:27:14
1	ERROR	SEM_UNRESOLVED_CALL	Cannot resolve call 'hash'	src\main\java\dev\railroadide\railroad\vcs\git\commit\GitCommit.java:52:9
1	ERROR	SEM_UNRESOLVED_CALL	Cannot resolve call 'setEnabledPlugins'	src\main\java\dev\railroadide\railroad\settings\SettingCodecs.java:114:50
1	ERROR	SEM_UNRESOLVED_CALL	Cannot resolve call 'max'	src\main\java\dev\railroadide\railroad\vcs\git\GitManager.java:322:71
1	ERROR	SEM_UNRESOLVED_CALL	Cannot resolve call 'BranchInfo'	src\main\java\dev\railroadide\railroad\vcs\git\status\GitStatusParser.java:74:19
1	ERROR	SEM_UNRESOLVED_CALL	Cannot resolve call 'GitStashEntry'	src\main\java\dev\railroadide\railroad\vcs\git\GitClient.java:1022:28
1	ERROR	SEM_UNRESOLVED_CALL	Cannot resolve call 'next'	src\main\java\dev\railroadide\railroad\ui\RRCheckBoxTreeItem.java:25:23
1	ERROR	SEM_UNRESOLVED_CALL	Cannot resolve call 'assertDoesNotThrow'	src\test\java\dev\railroadide\railroad\ide\sst\impl\java\JavaSemanticAnalyzerTest.java:85:13
1	ERROR	SEM_UNRESOLVED_CALL	Cannot resolve call 'wasAdded'	src\main\java\dev\railroadide\railroad\ui\RRCheckBoxTreeItem.java:31:24
1	ERROR	SEM_UNRESOLVED_CALL	Cannot resolve call 'cornerRadius'	src\main\java\dev\railroadide\railroad\ui\RRCard.java:21:9
1	ERROR	SEM_UNRESOLVED_CALL	Cannot resolve call 'simpleName'	src\test\java\dev\railroadide\railroad\ide\sst\impl\java\JavaSemanticAnalyzerTest.java:248:96
1	ERROR	SEM_UNRESOLVED_CALL	Cannot resolve call 'putFile'	src\test\java\dev\railroadide\railroad\ide\sst\project\JavaProjectSemanticIndexTest.java:94:18
1	ERROR	SEM_UNRESOLVED_CALL	Cannot resolve call 'removeFile'	src\test\java\dev\railroadide\railroad\ide\sst\project\JavaProjectSemanticIndexTest.java:132:18
1	ERROR	SEM_UNRESOLVED_CALL	Cannot resolve call 'getFullName'	src\test\java\dev\railroadide\railroad\ide\indexing\IndexesTest.java:11:60
1	ERROR	SEM_UNRESOLVED_CALL	Cannot resolve call 'intValue'	src\test\resources\dev\railroadide\railroad\ide\sst\impl\java\corpus\valid\04_members_and_initializers.java:23:23
1	ERROR	SEM_UNRESOLVED_CALL	Cannot resolve call 'isArchitecturyLoom'	src\main\java\dev\railroadide\railroad\project\facet\detector\FabricFacetDetector.java:65:80
1	ERROR	SEM_UNRESOLVED_CALL	Cannot resolve call 'RunGenSourcesStep'	src\main\java\dev\railroadide\railroad\project\onboarding\creation\DefaultProjectCreationPipelineService.java:56:20
1	ERROR	SEM_UNRESOLVED_CALL	Cannot resolve call 'setSelectedTheme'	src\main\java\dev\railroadide\railroad\settings\SettingCodecs.java:49:54
1	ERROR	SEM_UNRESOLVED_CALL	Cannot resolve call 'UpdateForgeModsTomlStep'	src\main\java\dev\railroadide\railroad\project\onboarding\creation\DefaultProjectCreationPipelineService.java:68:20
1	ERROR	SEM_UNRESOLVED_CALL	Cannot resolve call 'RenameMixinsStep'	src\main\java\dev\railroadide\railroad\project\onboarding\creation\DefaultProjectCreationPipelineService.java:52:20
1	ERROR	SEM_UNRESOLVED_CALL	Cannot resolve call 'DownloadForgeMdkStep'	src\main\java\dev\railroadide\railroad\project\onboarding\creation\DefaultProjectCreationPipelineService.java:62:20
1	ERROR	SEM_UNRESOLVED_CALL	Cannot resolve call 'loaderVersion'	src\main\java\dev\railroadide\railroad\project\facet\detector\FabricFacetDetector.java:61:65
1	ERROR	SEM_UNRESOLVED_CALL	Cannot resolve call 'CreateMixinsJsonStep'	src\main\java\dev\railroadide\railroad\project\onboarding\creation\DefaultProjectCreationPipelineService.java:73:20
1	ERROR	SEM_UNRESOLVED_CALL	Cannot resolve call 'UpdateFabricModJsonStep'	src\main\java\dev\railroadide\railroad\project\onboarding\creation\DefaultProjectCreationPipelineService.java:51:20
1	ERROR	SEM_UNRESOLVED_CALL	Cannot resolve call 'CreateAccessTransformerStep'	src\main\java\dev\railroadide\railroad\project\onboarding\creation\DefaultProjectCreationPipelineService.java:74:20
1	ERROR	SEM_UNRESOLVED_CALL	Cannot resolve call 'ExtractForgeMdkStep'	src\main\java\dev\railroadide\railroad\project\onboarding\creation\DefaultProjectCreationPipelineService.java:65:20
1	ERROR	SEM_UNRESOLVED_CALL	Cannot resolve call 'fabricApiVersion'	src\main\java\dev\railroadide\railroad\project\facet\detector\FabricFacetDetector.java:62:62
1	ERROR	SEM_UNRESOLVED_CALL	Cannot resolve call 'ExtractFabricExampleModStep'	src\main\java\dev\railroadide\railroad\project\onboarding\creation\DefaultProjectCreationPipelineService.java:48:20
1	ERROR	SEM_UNRESOLVED_CALL	Cannot resolve call 'valueOf'	src\main\java\dev\railroadide\railroad\project\minecraft\pistonmeta\Library.java:67:33
1	ERROR	SEM_UNRESOLVED_CALL	Cannot resolve call 'SetupForgeGradleWrapperStep'	src\main\java\dev\railroadide\railroad\project\onboarding\creation\DefaultProjectCreationPipelineService.java:75:20
1	ERROR	SEM_UNRESOLVED_CALL	Cannot resolve call 'borderColor'	src\main\java\dev\railroadide\railroad\project\onboarding\step\OnboardingFormStep.java:295:48
1	ERROR	SEM_UNRESOLVED_CALL	Cannot resolve call 'onExit'	src\main\java\dev\railroadide\railroad\project\onboarding\impl\FabricProjectOnboarding.java:588:14
1	ERROR	SEM_UNRESOLVED_CALL	Cannot resolve call 'data'	src\main\java\dev\railroadide\railroad\project\onboarding\impl\FabricProjectOnboarding.java:590:25
1	ERROR	SEM_UNRESOLVED_CALL	Cannot resolve call 'DownloadFabricExampleModStep'	src\main\java\dev\railroadide\railroad\project\onboarding\creation\DefaultProjectCreationPipelineService.java:45:20
1	ERROR	SEM_UNRESOLVED_CALL	Cannot resolve call 'getJdk'	src\main\java\dev\railroadide\railroad\project\facet\detector\JavaFacetDetector.java:78:90
1	ERROR	SEM_UNRESOLVED_CALL	Cannot resolve call 'getRemoved'	src\main\java\dev\railroadide\railroad\ui\RRCheckBoxTreeItem.java:27:51
1	ERROR	SEM_UNRESOLVED_CALL	Cannot resolve call 'getActions'	src\main\java\dev\railroadide\railroad\settings\keybinds\KeybindHandler.java:27:33
1	ERROR	SEM_UNRESOLVED_CALL	Cannot resolve call 'addAction'	src\main\java\dev\railroadide\railroad\settings\keybinds\Keybinds.java:37:10
1	ERROR	SEM_UNRESOLVED_CALL	Cannot resolve call 'mappingsVersion'	src\main\java\dev\railroadide\railroad\project\facet\detector\FabricFacetDetector.java:60:65
1	ERROR	SEM_UNRESOLVED_CALL	Cannot resolve call 'matches'	src\main\java\dev\railroadide\railroad\settings\keybinds\KeybindHandler.java:26:33
1	ERROR	SEM_UNRESOLVED_CALL	Cannot resolve call 'getClass'	src\main\java\dev\railroadide\railroad\settings\handler\SettingsHandler.java:153:111
1	ERROR	SEM_UNRESOLVED_CALL	Cannot resolve call 'addDefaultKey'	src\main\java\dev\railroadide\railroad\settings\keybinds\Keybinds.java:36:10
1	ERROR	SEM_UNRESOLVED_CALL	Cannot resolve call 'setGitExecutablePath'	src\main\java\dev\railroadide\railroad\settings\SettingCodecs.java:151:47
1	ERROR	SEM_UNRESOLVED_CALL	Cannot resolve call 'initialDirectories'	src\main\java\dev\railroadide\railroad\settings\ui\DirectoryListPane.java:17:9
1	ERROR	SEM_UNRESOLVED_CALL	Cannot resolve call 'initialFiles'	src\main\java\dev\railroadide\railroad\settings\ui\FileListPane.java:17:9
1	ERROR	SEM_UNRESOLVED_CALL	Cannot resolve call 'resolve'	src\main\java\dev\railroadide\railroad\ide\language\index\DefaultProjectIndexContextResolver.java:21:45
1	ERROR	SEM_UNRESOLVED_CALL	Cannot resolve call 'declaration'	src\main\java\dev\railroadide\railroad\ide\diagnostics\inspections\CoreModifierInspection.java:360:39
1	ERROR	SEM_UNRESOLVED_CALL	Cannot resolve call 'context'	src\main\java\dev\railroadide\railroad\ide\diagnostics\JavaDiagnosticsProvider.java:38:9
1	ERROR	SEM_UNRESOLVED_CALL	Cannot resolve call 'syntaxTree'	src\main\java\dev\railroadide\railroad\ide\diagnostics\inspections\CoreDuplicateDeclarationInspection.java:39:73
1	ERROR	SEM_UNRESOLVED_CALL	Cannot resolve call 'start'	src\main\java\dev\railroadide\railroad\ide\diagnostics\inspections\CoreDefiniteAssignmentInspection.java:757:68
1	ERROR	SEM_UNRESOLVED_CALL	Cannot resolve call 'traverse'	src\main\java\dev\railroadide\railroad\ide\diagnostics\inspections\CoreAssignmentInspection.java:27:52
1	ERROR	SEM_UNRESOLVED_CALL	Cannot resolve call 'setPath'	src\main\java\dev\railroadide\railroad\ide\projectexplorer\PathTreeCell.java:215:27
1	ERROR	SEM_UNRESOLVED_CALL	Cannot resolve call 'LANGUAGE_ID'	src\main\java\dev\railroadide\railroad\ide\language\impl\JavaLanguageSupport.java:35:9
1	ERROR	SEM_UNRESOLVED_CALL	Cannot resolve call 'DefaultProjectIndexContextResolver'	src\main\java\dev\railroadide\railroad\ide\language\index\ProjectLanguageIndexCoordinator.java:26:9
1	ERROR	SEM_UNRESOLVED_CALL	Cannot resolve call 'pathItem'	src\main\java\dev\railroadide\railroad\ide\projectexplorer\PathTreeItem.java:20:9
1	ERROR	SEM_UNRESOLVED_CALL	Cannot resolve call 'setState'	src\main\java\dev\railroadide\railroad\settings\SettingCodecs.java:160:48
1	ERROR	SEM_UNRESOLVED_CALL	Cannot resolve call 'headerText'	src\main\java\dev\railroadide\railroad\ui\RRFormSection.java:24:9
1	ERROR	SEM_UNRESOLVED_CALL	Cannot resolve call 'text'	src\main\java\dev\railroadide\railroad\ui\RRNavigationItem.java:46:9
1	ERROR	SEM_UNRESOLVED_CALL	Cannot resolve call 'cause'	src\main\java\dev\railroadide\railroad\ui\layout\LayoutParseException.java:15:9
1	ERROR	SEM_UNRESOLVED_CALL	Cannot resolve call 'getProperties'	src\main\java\dev\railroadide\railroad\ui\layout\LayoutParser.java:80:77
1	ERROR	SEM_UNRESOLVED_CALL	Cannot resolve call 'getAddedSubList'	src\main\java\dev\railroadide\railroad\ui\RRCheckBoxTreeItem.java:32:49
1	ERROR	SEM_UNRESOLVED_CALL	Cannot resolve call 'dbFile'	src\main\java\dev\railroadide\railroad\switchboard\cache\impl\SqlCacheManager.java:36:9
1	ERROR	SEM_UNRESOLVED_CALL	Cannot resolve call 'wasRemoved'	src\main\java\dev\railroadide\railroad\ui\RRCheckBoxTreeItem.java:26:24
1	ERROR	SEM_UNRESOLVED_CALL	Cannot resolve call 'SettingsHandler'	src\main\java\dev\railroadide\railroad\theme\ui\ThemeSelector.java:34:9
1	ERROR	SEM_UNRESOLVED_CALL	Cannot resolve call 'isPresent'	src\main\java\dev\railroadide\railroad\switchboard\cache\impl\MigratingCacheManager.java:35:21
1	ERROR	SEM_UNRESOLVED_CALL	Cannot resolve call 'String'	src\main\java\dev\railroadide\railroad\ui\RRTextArea.java:18:9
1	ERROR	SEM_UNRESOLVED_CALL	Cannot resolve call 'setDirectories'	src\main\java\dev\railroadide\railroad\settings\SettingCodecs.java:133:54
1	ERROR	SEM_UNRESOLVED_CALL	Cannot resolve call 'setFiles'	src\main\java\dev\railroadide\railroad\settings\SettingCodecs.java:142:48
1	ERROR	SEM_UNRESOLVED_CALL	Cannot resolve call 'setSettingsPath'	src\main\java\dev\railroadide\railroad\settings\SettingCodecs.java:169:47
1	ERROR	SEM_UNRESOLVED_CALL	Cannot resolve call 'loadKeybinds'	src\main\java\dev\railroadide\railroad\settings\SettingCodecs.java:124:70
1	ERROR	SEM_UNRESOLVED_CALL	Cannot resolve call 'persisted'	src\main\java\dev\railroadide\railroad\settings\Settings.java:161:14
1	ERROR	SEM_UNRESOLVED_CALL	Cannot resolve call 'codec'	src\main\java\dev\railroadide\railroad\settings\Settings.java:97:10
1	ERROR	SEM_UNRESOLVED_CALL	Cannot resolve call 'entrySet'	src\main\java\dev\railroadide\railroad\settings\Settings.java:115:72
1	ERROR	SEM_UNRESOLVED_CALL	Cannot resolve call 'keySet'	src\main\java\dev\railroadide\railroad\settings\SettingsSearchHandler.java:45:68
1	ERROR	SEM_UNRESOLVED_CALL	Cannot resolve call 'treePath'	src\main\java\dev\railroadide\railroad\settings\Settings.java:98:10
