17	ERROR	SEM_UNRESOLVED_MEMBER	Cannot resolve member 'maybeAssigned'	src\main\java\dev\railroadide\railroad\ide\diagnostics\inspections\CoreDefiniteAssignmentInspection.java:1557:29 | src\main\java\dev\railroadide\railroad\ide\diagnostics\inspections\CoreDefiniteAssignmentInspection.java:1570:47 | src\main\java\dev\railroadide\railroad\ide\diagnostics\inspections\CoreDefiniteAssignmentInspection.java:1570:68 | src\main\java\dev\railroadide\railroad\ide\diagnostics\inspections\CoreDefiniteAssignmentInspection.java:1577:70 | src\main\java\dev\railroadide\railroad\ide\diagnostics\inspections\CoreDefiniteAssignmentInspection.java:1579:68
15	ERROR	SEM_UNRESOLVED_MEMBER	Cannot resolve member 'definitelyAssigned'	src\main\java\dev\railroadide\railroad\ide\diagnostics\inspections\CoreDefiniteAssignmentInspection.java:1556:29 | src\main\java\dev\railroadide\railroad\ide\diagnostics\inspections\CoreDefiniteAssignmentInspection.java:1569:47 | src\main\java\dev\railroadide\railroad\ide\diagnostics\inspections\CoreDefiniteAssignmentInspection.java:1569:73 | src\main\java\dev\railroadide\railroad\ide\diagnostics\inspections\CoreDefiniteAssignmentInspection.java:1577:44 | src\main\java\dev\railroadide\railroad\ide\diagnostics\inspections\CoreDefiniteAssignmentInspection.java:1579:43
9	ERROR	SEM_UNRESOLVED_MEMBER	Cannot resolve member 'DECLARED'	src\main\java\dev\railroadide\railroad\ide\sst\semantic\api\Type.java:93:25 | src\main\java\dev\railroadide\railroad\plugin\spi\inspection\JavaRuleContext.java:912:35 | src\main\java\dev\railroadide\railroad\plugin\spi\inspection\JavaRuleContext.java:917:35 | src\main\java\dev\railroadide\railroad\plugin\spi\inspection\JavaRuleContext.java:917:69 | src\main\java\dev\railroadide\railroad\plugin\spi\inspection\JavaRuleContext.java:2263:74
9	ERROR	SEM_UNRESOLVED_MEMBER	Cannot resolve member 'reachable'	src\main\java\dev\railroadide\railroad\ide\diagnostics\inspections\CoreDefiniteAssignmentInspection.java:1558:29 | src\main\java\dev\railroadide\railroad\ide\diagnostics\inspections\CoreDefiniteAssignmentInspection.java:1567:23 | src\main\java\dev\railroadide\railroad\ide\diagnostics\inspections\CoreDefiniteAssignmentInspection.java:1567:43 | src\main\java\dev\railroadide\railroad\ide\diagnostics\inspections\CoreDefiniteAssignmentInspection.java:1576:23 | src\main\java\dev\railroadide\railroad\ide\diagnostics\inspections\CoreDefiniteAssignmentInspection.java:1578:24
8	ERROR	SEM_UNRESOLVED_MEMBER	Cannot resolve member 'required'	src\main\java\dev\railroadide\railroad\form\impl\CheckBoxComponent.java:42:93 | src\main\java\dev\railroadide\railroad\form\impl\ComboBoxComponent.java:63:82 | src\main\java\dev\railroadide\railroad\form\impl\DirectoryChooserComponent.java:47:101 | src\main\java\dev\railroadide\railroad\form\impl\FileChooserComponent.java:37:66 | src\main\java\dev\railroadide\railroad\form\impl\RadioButtonGroupComponent.java:39:29
8	ERROR	SEM_UNRESOLVED_MEMBER	Cannot resolve member 'COMMAND'	src\main\java\dev\railroadide\railroad\java\cli\impl\JcmdCLIBuilder.java:32:30 | src\main\java\dev\railroadide\railroad\java\cli\impl\JcmdCLIBuilder.java:124:26 | src\main\java\dev\railroadide\railroad\java\cli\impl\JcmdCLIBuilder.java:137:26 | src\main\java\dev\railroadide\railroad\java\cli\impl\JcmdCLIBuilder.java:148:26 | src\main\java\dev\railroadide\railroad\java\cli\impl\JcmdCLIBuilder.java:161:26
8	ERROR	SEM_UNRESOLVED_MEMBER	Cannot resolve member 'text'	src\main\java\dev\railroadide\railroad\form\impl\TextAreaComponent.java:46:46 | src\main\java\dev\railroadide\railroad\form\impl\TextAreaComponent.java:46:78 | src\main\java\dev\railroadide\railroad\form\impl\TextAreaComponent.java:102:31 | src\main\java\dev\railroadide\railroad\form\impl\TextAreaComponent.java:108:64 | src\main\java\dev\railroadide\railroad\form\impl\TextFieldComponent.java:54:29
8	ERROR	SEM_UNRESOLVED_MEMBER	Cannot resolve member 'UNKNOWN'	src\main\java\dev\railroadide\railroad\ide\sst\semantic\api\Type.java:49:25 | src\main\java\dev\railroadide\railroad\plugin\spi\inspection\JavaRuleContext.java:898:35 | src\main\java\dev\railroadide\railroad\plugin\spi\inspection\JavaRuleContext.java:898:68 | src\main\java\dev\railroadide\railroad\plugin\spi\inspection\JavaRuleContext.java:1647:40 | src\main\java\dev\railroadide\railroad\plugin\spi\inspection\JavaRuleContext.java:2231:37
8	ERROR	SEM_UNRESOLVED_MEMBER	Cannot resolve member 'FILE'	src\main\java\dev\railroadide\railroad\ide\runconfig\defaults\ShellScriptRunConfigurationType.java:146:72 | src\main\java\dev\railroadide\railroad\ide\runconfig\defaults\data\ShellScriptRunConfigurationData.java:23:51 | src\main\java\dev\railroadide\railroad\ide\runconfig\defaults\data\ShellScriptRunConfigurationData.java:55:81 | src\main\java\dev\railroadide\railroad\java\cli\impl\JarsignerCLIBuilder.java:294:65 | src\main\java\dev\railroadide\railroad\java\cli\impl\JarsignerCLIBuilder.java:304:65
7	ERROR	SEM_UNRESOLVED_MEMBER	Cannot resolve member 'beginOffset'	src\main\java\dev\railroadide\railroad\ide\syntaxhighlighting\ASTJavaSyntaxHighlighting.java:167:79 | src\main\java\dev\railroadide\railroad\ide\syntaxhighlighting\ASTJavaSyntaxHighlighting.java:174:32 | src\main\java\dev\railroadide\railroad\ide\syntaxhighlighting\ASTJavaSyntaxHighlighting.java:175:74 | src\main\java\dev\railroadide\railroad\ide\syntaxhighlighting\ASTJavaSyntaxHighlighting.java:178:73 | src\main\java\dev\railroadide\railroad\ide\syntaxhighlighting\ASTJavaSyntaxHighlighting.java:179:104
7	ERROR	SEM_UNRESOLVED_MEMBER	Cannot resolve member 'METHOD'	src\main\java\dev\railroadide\railroad\ide\sst\impl\java\JavaSemanticAnalyzer.java:772:38 | src\main\java\dev\railroadide\railroad\ide\sst\impl\java\JavaSemanticAnalyzer.java:781:50 | src\main\java\dev\railroadide\railroad\ide\sst\impl\java\JavaSemanticAnalyzer.java:855:38 | src\main\java\dev\railroadide\railroad\ide\sst\impl\java\JavaSemanticAnalyzer.java:872:50 | src\main\java\dev\railroadide\railroad\ide\sst\impl\java\JavaSemanticAnalyzer.java:899:34
7	ERROR	SEM_UNRESOLVED_MEMBER	Cannot resolve member 'label'	src\main\java\dev\railroadide\railroad\form\impl\CheckBoxComponent.java:42:74 | src\main\java\dev\railroadide\railroad\form\impl\ComboBoxComponent.java:63:63 | src\main\java\dev\railroadide\railroad\form\impl\DirectoryChooserComponent.java:47:82 | src\main\java\dev\railroadide\railroad\form\impl\FileChooserComponent.java:37:57 | src\main\java\dev\railroadide\railroad\form\impl\RadioButtonGroupComponent.java:38:29
6	ERROR	SEM_UNRESOLVED_MEMBER	Cannot resolve member 'breakExits'	src\main\java\dev\railroadide\railroad\ide\diagnostics\inspections\CoreDefiniteAssignmentInspection.java:1565:49 | src\main\java\dev\railroadide\railroad\ide\diagnostics\inspections\CoreDefiniteAssignmentInspection.java:1565:67 | src\main\java\dev\railroadide\railroad\ide\diagnostics\inspections\CoreDefiniteAssignmentInspection.java:1593:42 | src\main\java\dev\railroadide\railroad\ide\diagnostics\inspections\CoreDefiniteAssignmentInspection.java:1728:54 | src\main\java\dev\railroadide\railroad\ide\diagnostics\inspections\CoreDefiniteAssignmentInspection.java:1728:72
6	ERROR	SEM_UNRESOLVED_MEMBER	Cannot resolve member 'defaultPath'	src\main\java\dev\railroadide\railroad\form\impl\DirectoryChooserComponent.java:47:123 | src\main\java\dev\railroadide\railroad\form\impl\DirectoryChooserComponent.java:107:31 | src\main\java\dev\railroadide\railroad\form\impl\DirectoryChooserComponent.java:113:79 | src\main\java\dev\railroadide\railroad\form\impl\FileChooserComponent.java:37:78 | src\main\java\dev\railroadide\railroad\form\impl\FileChooserComponent.java:99:31
5	ERROR	SEM_UNRESOLVED_MEMBER	Cannot resolve member 'translate'	src\main\java\dev\railroadide\railroad\form\impl\ComboBoxComponent.java:63:126 | src\main\java\dev\railroadide\railroad\form\impl\ComboBoxComponent.java:64:30 | src\main\java\dev\railroadide\railroad\form\impl\ComboBoxComponent.java:94:67 | src\main\java\dev\railroadide\railroad\form\impl\TextAreaComponent.java:47:191 | src\main\java\dev\railroadide\railroad\form\impl\TextFieldComponent.java:53:150
5	ERROR	SEM_UNRESOLVED_MEMBER	Cannot resolve member 'ARRAY'	src\main\java\dev\railroadide\railroad\ide\sst\semantic\api\Type.java:107:25 | src\main\java\dev\railroadide\railroad\plugin\spi\inspection\JavaRuleContext.java:906:35 | src\main\java\dev\railroadide\railroad\plugin\spi\inspection\JavaRuleContext.java:906:66 | src\main\java\dev\railroadide\railroad\plugin\spi\inspection\JavaRuleContext.java:912:69 | src\main\java\dev\railroadide\railroad\plugin\spi\inspection\JavaRuleContext.java:2378:96
5	ERROR	SEM_UNRESOLVED_MEMBER	Cannot resolve member 'SIGN'	src\main\java\dev\railroadide\railroad\java\cli\impl\JarsignerCLIBuilder.java:33:57 | src\main\java\dev\railroadide\railroad\java\cli\impl\JarsignerCLIBuilder.java:99:44 | src\main\java\dev\railroadide\railroad\java\cli\impl\JarsignerCLIBuilder.java:116:44 | src\main\java\dev\railroadide\railroad\java\cli\impl\JarsignerCLIBuilder.java:684:44 | src\main\java\dev\railroadide\railroad\java\cli\impl\JarsignerCLIBuilder.java:703:48
4	ERROR	SEM_UNRESOLVED_MEMBER	Cannot resolve member 'LIST'	src\main\java\dev\railroadide\railroad\java\cli\impl\JarCLIBuilder.java:113:40 | src\main\java\dev\railroadide\railroad\java\cli\impl\JcmdCLIBuilder.java:94:26 | src\main\java\dev\railroadide\railroad\java\cli\impl\JmodCLIBuilder.java:116:44 | src\main\java\dev\railroadide\railroad\java\cli\impl\KeytoolCLIBuilder.java:206:39
4	ERROR	SEM_UNRESOLVED_MEMBER	Cannot resolve member 'continueExits'	src\main\java\dev\railroadide\railroad\ide\diagnostics\inspections\CoreDefiniteAssignmentInspection.java:1566:52 | src\main\java\dev\railroadide\railroad\ide\diagnostics\inspections\CoreDefiniteAssignmentInspection.java:1566:73 | src\main\java\dev\railroadide\railroad\ide\diagnostics\inspections\CoreDefiniteAssignmentInspection.java:1729:57 | src\main\java\dev\railroadide\railroad\ide\diagnostics\inspections\CoreDefiniteAssignmentInspection.java:1729:78
4	ERROR	SEM_UNRESOLVED_MEMBER	Cannot resolve member 'SINGLE'	src\main\java\dev\railroadide\railroad\ui\BrowseButton.java:23:118 | src\main\java\dev\railroadide\railroad\ui\BrowseButton.java:35:53 | src\main\java\dev\railroadide\railroad\ui\BrowseButton.java:44:62 | src\main\java\dev\railroadide\railroad\ui\BrowseButton.java:71:62
4	ERROR	SEM_UNRESOLVED_MEMBER	Cannot resolve member 'rule'	src\main\java\dev\railroadide\railroad\ide\diagnostics\ui\JavaInspectionRuleSettingsPane.java:67:37 | src\main\java\dev\railroadide\railroad\ide\diagnostics\ui\JavaInspectionRuleSettingsPane.java:72:34 | src\main\java\dev\railroadide\railroad\ide\diagnostics\ui\JavaInspectionRuleSettingsPane.java:87:83 | src\main\java\dev\railroadide\railroad\ide\diagnostics\ui\JavaInspectionRuleSettingsPane.java:88:82
4	ERROR	SEM_UNRESOLVED_MEMBER	Cannot resolve member 'VERIFY'	src\main\java\dev\railroadide\railroad\java\cli\impl\JarsignerCLIBuilder.java:132:44 | src\main\java\dev\railroadide\railroad\java\cli\impl\JarsignerCLIBuilder.java:154:44 | src\main\java\dev\railroadide\railroad\java\cli\impl\JarsignerCLIBuilder.java:689:51 | src\main\java\dev\railroadide\railroad\java\cli\impl\JarsignerCLIBuilder.java:705:55
4	ERROR	SEM_UNRESOLVED_MEMBER	Cannot resolve member 'CONSTRUCTOR'	src\main\java\dev\railroadide\railroad\ide\sst\impl\java\JavaSemanticAnalyzer.java:932:34 | src\main\java\dev\railroadide\railroad\ide\sst\impl\java\JavaSemanticAnalyzer.java:936:128 | src\main\java\dev\railroadide\railroad\ide\sst\impl\java\JavaSemanticAnalyzer.java:959:58 | src\main\java\dev\railroadide\railroad\ide\sst\impl\java\JavaSemanticAnalyzer.java:1077:38
4	ERROR	SEM_UNRESOLVED_MEMBER	Cannot resolve member 'VERSION'	src\main\java\dev\railroadide\railroad\java\cli\impl\JarsignerCLIBuilder.java:173:44 | src\main\java\dev\railroadide\railroad\java\cli\impl\JarsignerCLIBuilder.java:701:44 | src\main\java\dev\railroadide\railroad\java\cli\impl\JfrCLIBuilder.java:569:38 | src\main\java\dev\railroadide\railroad\java\cli\impl\KeytoolCLIBuilder.java:260:39
3	ERROR	SEM_UNRESOLVED_MEMBER	Cannot resolve member 'editable'	src\main\java\dev\railroadide\railroad\form\impl\ComboBoxComponent.java:63:104 | src\main\java\dev\railroadide\railroad\form\impl\TextAreaComponent.java:47:127 | src\main\java\dev\railroadide\railroad\form\impl\TextFieldComponent.java:53:128
3	ERROR	SEM_UNRESOLVED_MEMBER	Cannot resolve member 'items'	src\main\java\dev\railroadide\railroad\form\impl\ComboBoxComponent.java:76:29 | src\main\java\dev\railroadide\railroad\form\impl\ComboBoxComponent.java:77:59 | src\main\java\dev\railroadide\railroad\form\impl\ComboBoxComponent.java:77:87
3	ERROR	SEM_UNRESOLVED_MEMBER	Cannot resolve member 'selected'	src\main\java\dev\railroadide\railroad\form\impl\CheckBoxComponent.java:42:115 | src\main\java\dev\railroadide\railroad\form\impl\CheckBoxComponent.java:82:31 | src\main\java\dev\railroadide\railroad\form\impl\CheckBoxComponent.java:88:68
3	ERROR	SEM_UNRESOLVED_MEMBER	Cannot resolve member 'MEDIUM'	src\main\java\dev\railroadide\railroad\ui\RRListView.java:19:46 | src\main\java\dev\railroadide\railroad\ui\RRNavigationItem.java:20:58 | src\main\java\dev\railroadide\railroad\ui\RRSidebar.java:18:44
3	ERROR	SEM_UNRESOLVED_MEMBER	Cannot resolve member 'CLOSED'	src\main\java\dev\railroadide\railroad\plugin\spi\events\DocumentEvent.java:41:39 | src\main\java\dev\railroadide\railroad\plugin\spi\events\FileEvent.java:42:39 | src\main\java\dev\railroadide\railroad\plugin\spi\events\ProjectEvent.java:41:39
3	ERROR	SEM_UNRESOLVED_MEMBER	Cannot resolve member 'OPENED'	src\main\java\dev\railroadide\railroad\plugin\spi\events\DocumentEvent.java:32:39 | src\main\java\dev\railroadide\railroad\plugin\spi\events\FileEvent.java:33:39 | src\main\java\dev\railroadide\railroad\plugin\spi\events\ProjectEvent.java:32:39
3	ERROR	SEM_UNRESOLVED_MEMBER	Cannot resolve member 'SYNTAX'	src\main\java\dev\railroadide\railroad\ide\sst\impl\java\JavaParserBenchmarkRunner.java:123:31 | src\main\java\dev\railroadide\railroad\ide\sst\impl\java\JavaParserBenchmarkRunner.java:282:53 | src\main\java\dev\railroadide\railroad\ide\sst\impl\java\JavaParserBenchmarkRunner.java:314:51
3	ERROR	SEM_UNRESOLVED_MEMBER	Cannot resolve member 'GENERATE_INDEX'	src\main\java\dev\railroadide\railroad\java\cli\impl\JarCLIBuilder.java:91:35 | src\main\java\dev\railroadide\railroad\java\cli\impl\JarCLIBuilder.java:161:40 | src\main\java\dev\railroadide\railroad\java\cli\impl\JarCLIBuilder.java:500:44
3	ERROR	SEM_UNRESOLVED_MEMBER	Cannot resolve member 'INFO'	src\main\java\dev\railroadide\railroad\form\ui\InformativeLabeledHBox.java:93:62 | src\main\java\dev\railroadide\railroad\form\ui\InformativeLabeledHBox.java:106:62 | src\main\java\dev\railroadide\railroad\java\cli\impl\JavaExecutableCLIBuilder.java:3414:43
3	ERROR	SEM_UNRESOLVED_MEMBER	Cannot resolve member 'HELP'	src\main\java\dev\railroadide\railroad\java\cli\impl\JcmdCLIBuilder.java:106:26 | src\main\java\dev\railroadide\railroad\java\cli\impl\JfrCLIBuilder.java:579:38 | src\main\java\dev\railroadide\railroad\java\cli\impl\JfrCLIBuilder.java:592:38
3	ERROR	SEM_UNRESOLVED_MEMBER	Cannot resolve member 'PRIMITIVE'	src\main\java\dev\railroadide\railroad\ide\sst\semantic\api\Type.java:78:25 | src\main\java\dev\railroadide\railroad\plugin\spi\inspection\JavaRuleContext.java:2774:85 | src\main\java\dev\railroadide\railroad\plugin\spi\inspection\JavaRuleContext.java:2832:36
3	ERROR	SEM_UNRESOLVED_MEMBER	Cannot resolve member 'META'	src\main\java\dev\railroadide\railroad\ide\ui\git\diff\GitDiffPane.java:289:63 | src\main\java\dev\railroadide\railroad\ide\ui\git\diff\GitDiffPane.java:290:55 | src\main\java\dev\railroadide\railroad\ide\ui\git\diff\GitDiffPane.java:308:51
3	ERROR	SEM_UNRESOLVED_MEMBER	Cannot resolve member 'TYPE_VARIABLE'	src\main\java\dev\railroadide\railroad\ide\sst\semantic\api\Type.java:126:25 | src\main\java\dev\railroadide\railroad\plugin\spi\inspection\JavaRuleContext.java:2446:35 | src\main\java\dev\railroadide\railroad\plugin\spi\inspection\JavaRuleContext.java:2448:35
3	ERROR	SEM_UNRESOLVED_MEMBER	Cannot resolve member 'WILDCARD'	src\main\java\dev\railroadide\railroad\ide\sst\semantic\api\Type.java:141:25 | src\main\java\dev\railroadide\railroad\plugin\spi\inspection\JavaRuleContext.java:2446:74 | src\main\java\dev\railroadide\railroad\plugin\spi\inspection\JavaRuleContext.java:2448:74
2	ERROR	SEM_UNRESOLVED_MEMBER	Cannot resolve member 'SCRUB'	src\main\java\dev\railroadide\railroad\java\cli\impl\JfrCLIBuilder.java:175:38 | src\main\java\dev\railroadide\railroad\java\cli\impl\JfrCLIBuilder.java:190:38
2	ERROR	SEM_UNRESOLVED_MEMBER	Cannot resolve member 'NARROWING'	src\main\java\dev\railroadide\railroad\ide\diagnostics\inspections\CoreImplicitNumericConversionInspection.java:159:52 | src\main\java\dev\railroadide\railroad\ide\diagnostics\inspections\CoreImplicitNumericConversionInspection.java:298:35
2	ERROR	SEM_UNRESOLVED_MEMBER	Cannot resolve member 'SAVED'	src\main\java\dev\railroadide\railroad\plugin\spi\events\DocumentEvent.java:50:39 | src\main\java\dev\railroadide\railroad\plugin\spi\events\FileEvent.java:51:39
2	ERROR	SEM_UNRESOLVED_MEMBER	Cannot resolve member 'severityOverride'	src\main\java\dev\railroadide\railroad\ide\diagnostics\ui\JavaInspectionRuleSettingsPane.java:69:54 | src\main\java\dev\railroadide\railroad\ide\diagnostics\ui\JavaInspectionRuleSettingsPane.java:88:17
2	ERROR	SEM_UNRESOLVED_MEMBER	Cannot resolve member 'promptText'	src\main\java\dev\railroadide\railroad\form\impl\TextAreaComponent.java:47:103 | src\main\java\dev\railroadide\railroad\form\impl\TextFieldComponent.java:53:104
2	ERROR	SEM_UNRESOLVED_MEMBER	Cannot resolve member 'METADATA'	src\main\java\dev\railroadide\railroad\java\cli\impl\JfrCLIBuilder.java:135:38 | src\main\java\dev\railroadide\railroad\java\cli\impl\JfrCLIBuilder.java:146:38
2	ERROR	SEM_UNRESOLVED_MEMBER	Cannot resolve member 'DEACTIVATED'	src\main\java\dev\railroadide\railroad\plugin\spi\events\DocumentEvent.java:77:39 | src\main\java\dev\railroadide\railroad\plugin\spi\events\FileEvent.java:78:39
2	ERROR	SEM_UNRESOLVED_MEMBER	Cannot resolve member 'PARALLEL'	src\main\java\dev\railroadide\railroad\ide\runconfig\defaults\data\CompoundRunConfigurationData.java:24:39 | src\main\java\dev\railroadide\railroad\ide\runconfig\defaults\data\CompoundRunConfigurationData.java:72:83
2	ERROR	SEM_UNRESOLVED_MEMBER	Cannot resolve member 'includeButton'	src\main\java\dev\railroadide\railroad\form\impl\DirectoryChooserComponent.java:47:148 | src\main\java\dev\railroadide\railroad\form\impl\FileChooserComponent.java:37:93
2	ERROR	SEM_UNRESOLVED_MEMBER	Cannot resolve member 'DELETED'	src\main\java\dev\railroadide\railroad\plugin\spi\events\DocumentEvent.java:59:39 | src\main\java\dev\railroadide\railroad\plugin\spi\events\FileEvent.java:60:39
2	ERROR	SEM_UNRESOLVED_MEMBER	Cannot resolve member 'keyFunction'	src\main\java\dev\railroadide\railroad\form\impl\ComboBoxComponent.java:63:158 | src\main\java\dev\railroadide\railroad\form\impl\ComboBoxComponent.java:65:101
2	ERROR	SEM_UNRESOLVED_MEMBER	Cannot resolve member 'ACTIVATED'	src\main\java\dev\railroadide\railroad\plugin\spi\events\DocumentEvent.java:68:39 | src\main\java\dev\railroadide\railroad\plugin\spi\events\FileEvent.java:69:39
2	ERROR	SEM_UNRESOLVED_MEMBER	Cannot resolve member 'LEFT'	src\main\java\dev\railroadide\railroad\ui\RRSidebar.java:17:56 | src\main\java\dev\railroadide\railroad\ui\RRSidebar.java:167:58
2	ERROR	SEM_UNRESOLVED_MEMBER	Cannot resolve member 'ENVIRONMENT'	src\main\java\dev\railroadide\railroad\java\cli\impl\JarsignerCLIBuilder.java:283:65 | src\main\java\dev\railroadide\railroad\java\cli\impl\JarsignerCLIBuilder.java:336:63
2	ERROR	SEM_UNRESOLVED_MEMBER	Cannot resolve member 'DIRECT'	src\main\java\dev\railroadide\railroad\java\cli\impl\JarsignerCLIBuilder.java:273:65 | src\main\java\dev\railroadide\railroad\java\cli\impl\JarsignerCLIBuilder.java:326:63
2	ERROR	SEM_UNRESOLVED_MEMBER	Cannot resolve member 'EXTRACT'	src\main\java\dev\railroadide\railroad\java\cli\impl\JarCLIBuilder.java:131:40 | src\main\java\dev\railroadide\railroad\java\cli\impl\JmodCLIBuilder.java:102:44
2	ERROR	SEM_UNRESOLVED_MEMBER	Cannot resolve member 'ERROR'	src\main\java\dev\railroadide\railroad\form\ValidationResult.java:50:44 | src\main\java\dev\railroadide\railroad\ide\sst\parser\Parser.java:595:49
2	ERROR	SEM_UNRESOLVED_MEMBER	Cannot resolve member 'DISABLED'	src\main\java\dev\railroadide\railroad\ui\RRNavigationItem.java:114:46 | src\main\java\dev\railroadide\railroad\ui\RRNavigationItem.java:127:46
2	ERROR	SEM_UNRESOLVED_MEMBER	Cannot resolve member 'selectedSupplier'	src\main\java\dev\railroadide\railroad\form\impl\RadioButtonGroupComponent.java:46:46 | src\main\java\dev\railroadide\railroad\form\impl\RadioButtonGroupComponent.java:107:33
2	ERROR	SEM_UNRESOLVED_MEMBER	Cannot resolve member 'SOURCE_FILE'	src\main\java\dev\railroadide\railroad\java\cli\impl\JavaExecutableCLIBuilder.java:101:56 | src\main\java\dev\railroadide\railroad\java\cli\impl\JavaExecutableCLIBuilder.java:964:38
2	ERROR	SEM_UNRESOLVED_MEMBER	Cannot resolve member 'textField'	src\main\java\dev\railroadide\railroad\form\ui\FormDirectoryChooser.java:95:55 | src\main\java\dev\railroadide\railroad\form\ui\FormFileChooser.java:71:55
2	ERROR	SEM_UNRESOLVED_MEMBER	Cannot resolve member 'CREATE'	src\main\java\dev\railroadide\railroad\java\cli\impl\JarCLIBuilder.java:104:40 | src\main\java\dev\railroadide\railroad\java\cli\impl\JmodCLIBuilder.java:88:44
2	ERROR	SEM_UNRESOLVED_MEMBER	Cannot resolve member 'WARNING'	src\main\java\dev\railroadide\railroad\form\ValidationResult.java:39:44 | src\main\java\dev\railroadide\railroad\ide\sst\parser\Parser.java:608:49
2	ERROR	SEM_UNRESOLVED_MEMBER	Cannot resolve member 'length'	src\main\java\dev\railroadide\railroad\settings\keybinds\KeybindsList.java:406:70 | src\main\java\dev\railroadide\railroad\settings\keybinds\KeybindsList.java:408:46
1	ERROR	SEM_UNRESOLVED_MEMBER	Cannot resolve member 'UPDATE'	src\main\java\dev\railroadide\railroad\java\cli\impl\JarCLIBuilder.java:122:40
1	ERROR	SEM_UNRESOLVED_MEMBER	Cannot resolve member 'DESCRIBE_MODULE'	src\main\java\dev\railroadide\railroad\java\cli\impl\JarCLIBuilder.java:140:40
1	ERROR	SEM_UNRESOLVED_MEMBER	Cannot resolve member 'ALL'	src\main\java\dev\railroadide\railroad\java\cli\impl\JarsignerCLIBuilder.java:462:37
1	ERROR	SEM_UNRESOLVED_MEMBER	Cannot resolve member 'DELETE'	src\main\java\dev\railroadide\railroad\java\cli\impl\KeytoolCLIBuilder.java:125:39
1	ERROR	SEM_UNRESOLVED_MEMBER	Cannot resolve member 'CHANGE_ALIAS'	src\main\java\dev\railroadide\railroad\java\cli\impl\KeytoolCLIBuilder.java:116:39
1	ERROR	SEM_UNRESOLVED_MEMBER	Cannot resolve member 'DEBUG'	src\main\java\dev\railroadide\railroad\java\cli\impl\JavaExecutableCLIBuilder.java:266:32
1	ERROR	SEM_UNRESOLVED_MEMBER	Cannot resolve member 'SYSTEM'	src\main\java\dev\railroadide\railroad\java\cli\impl\JavaExecutableCLIBuilder.java:829:41
1	ERROR	SEM_UNRESOLVED_MEMBER	Cannot resolve member 'JAR_FILE'	src\main\java\dev\railroadide\railroad\java\cli\impl\JavaExecutableCLIBuilder.java:74:56
1	ERROR	SEM_UNRESOLVED_MEMBER	Cannot resolve member 'VALIDATE'	src\main\java\dev\railroadide\railroad\java\cli\impl\JarCLIBuilder.java:149:40
1	ERROR	SEM_UNRESOLVED_MEMBER	Cannot resolve member 'MODULE'	src\main\java\dev\railroadide\railroad\java\cli\impl\JavaExecutableCLIBuilder.java:86:56
1	ERROR	SEM_UNRESOLVED_MEMBER	Cannot resolve member 'GEN_CERT'	src\main\java\dev\railroadide\railroad\java\cli\impl\KeytoolCLIBuilder.java:143:39
1	ERROR	SEM_UNRESOLVED_MEMBER	Cannot resolve member 'EXPORT_CERT'	src\main\java\dev\railroadide\railroad\java\cli\impl\KeytoolCLIBuilder.java:134:39
1	ERROR	SEM_UNRESOLVED_MEMBER	Cannot resolve member 'DESCRIBE'	src\main\java\dev\railroadide\railroad\java\cli\impl\JmodCLIBuilder.java:130:44
1	ERROR	SEM_UNRESOLVED_MEMBER	Cannot resolve member 'PRINT'	src\main\java\dev\railroadide\railroad\java\cli\impl\JfrCLIBuilder.java:94:38
1	ERROR	SEM_UNRESOLVED_MEMBER	Cannot resolve member 'MAIN_CLASS'	src\main\java\dev\railroadide\railroad\java\cli\impl\JcmdCLIBuilder.java:268:42
1	ERROR	SEM_UNRESOLVED_MEMBER	Cannot resolve member 'HASH'	src\main\java\dev\railroadide\railroad\java\cli\impl\JmodCLIBuilder.java:144:44
1	ERROR	SEM_UNRESOLVED_MEMBER	Cannot resolve member 'CERTREQ'	src\main\java\dev\railroadide\railroad\java\cli\impl\KeytoolCLIBuilder.java:107:39
1	ERROR	SEM_UNRESOLVED_MEMBER	Cannot resolve member 'GEN_SECKEY'	src\main\java\dev\railroadide\railroad\java\cli\impl\KeytoolCLIBuilder.java:161:39
1	ERROR	SEM_UNRESOLVED_MEMBER	Cannot resolve member 'GEN_KEYPAIR'	src\main\java\dev\railroadide\railroad\java\cli\impl\KeytoolCLIBuilder.java:152:39
1	ERROR	SEM_UNRESOLVED_MEMBER	Cannot resolve member 'IMPORT_CERT'	src\main\java\dev\railroadide\railroad\java\cli\impl\KeytoolCLIBuilder.java:170:39
1	ERROR	SEM_UNRESOLVED_MEMBER	Cannot resolve member 'CONTEXT'	src\main\java\dev\railroadide\railroad\ide\ui\git\diff\GitDiffPane.java:299:50
1	ERROR	SEM_UNRESOLVED_MEMBER	Cannot resolve member 'HUNK_HEADER'	src\main\java\dev\railroadide\railroad\ide\ui\git\diff\GitDiffPane.java:295:75
1	ERROR	SEM_UNRESOLVED_MEMBER	Cannot resolve member 'FILE_HEADER'	src\main\java\dev\railroadide\railroad\ide\ui\git\diff\GitDiffPane.java:282:71
1	ERROR	SEM_UNRESOLVED_MEMBER	Cannot resolve member 'styleClass'	src\main\java\dev\railroadide\railroad\ide\syntaxhighlighting\ASTJavaSyntaxHighlighting.java:179:67
1	ERROR	SEM_UNRESOLVED_MEMBER	Cannot resolve member 'endOffset'	src\main\java\dev\railroadide\railroad\ide\syntaxhighlighting\ASTJavaSyntaxHighlighting.java:178:102
1	ERROR	SEM_UNRESOLVED_MEMBER	Cannot resolve member 'end'	src\main\java\dev\railroadide\railroad\ide\ui\JsonCodeEditorPane.java:164:75
1	ERROR	SEM_UNRESOLVED_MEMBER	Cannot resolve member 'start'	src\main\java\dev\railroadide\railroad\ide\ui\JsonCodeEditorPane.java:164:62
1	ERROR	SEM_UNRESOLVED_MEMBER	Cannot resolve member 'popup'	src\main\java\dev\railroadide\railroad\ide\ui\JsonCodeEditorPane.java:183:48
1	ERROR	SEM_UNRESOLVED_MEMBER	Cannot resolve member 'ADDITION'	src\main\java\dev\railroadide\railroad\ide\ui\git\diff\GitDiffPane.java:300:51
1	ERROR	SEM_UNRESOLVED_MEMBER	Cannot resolve member 'DELETION'	src\main\java\dev\railroadide\railroad\ide\ui\git\diff\GitDiffPane.java:301:51
1	ERROR	SEM_UNRESOLVED_MEMBER	Cannot resolve member 'STORE_PASSWD'	src\main\java\dev\railroadide\railroad\java\cli\impl\KeytoolCLIBuilder.java:242:39
1	ERROR	SEM_UNRESOLVED_MEMBER	Cannot resolve member 'KEY_PASSWD'	src\main\java\dev\railroadide\railroad\java\cli\impl\KeytoolCLIBuilder.java:197:39
1	ERROR	SEM_UNRESOLVED_MEMBER	Cannot resolve member 'SHOW_INFO'	src\main\java\dev\railroadide\railroad\java\cli\impl\KeytoolCLIBuilder.java:251:39
1	ERROR	SEM_UNRESOLVED_MEMBER	Cannot resolve member 'CLASS_FILE'	src\main\java\dev\railroadide\railroad\java\cli\impl\JavaExecutableCLIBuilder.java:59:56
1	ERROR	SEM_UNRESOLVED_MEMBER	Cannot resolve member 'IMPORT_PASS'	src\main\java\dev\railroadide\railroad\java\cli\impl\KeytoolCLIBuilder.java:179:39
1	ERROR	SEM_UNRESOLVED_MEMBER	Cannot resolve member 'PRINT_CERT_REQ'	src\main\java\dev\railroadide\railroad\java\cli\impl\KeytoolCLIBuilder.java:224:39
1	ERROR	SEM_UNRESOLVED_MEMBER	Cannot resolve member 'VOID'	src\main\java\dev\railroadide\railroad\ide\sst\semantic\api\Type.java:59:25
1	ERROR	SEM_UNRESOLVED_MEMBER	Cannot resolve member 'PRINT_CRL'	src\main\java\dev\railroadide\railroad\java\cli\impl\KeytoolCLIBuilder.java:233:39
1	ERROR	SEM_UNRESOLVED_MEMBER	Cannot resolve member 'IMPORT_KEYSTORE'	src\main\java\dev\railroadide\railroad\java\cli\impl\KeytoolCLIBuilder.java:188:39
1	ERROR	SEM_UNRESOLVED_MEMBER	Cannot resolve member 'PRINT_CERT'	src\main\java\dev\railroadide\railroad\java\cli\impl\KeytoolCLIBuilder.java:215:39
1	ERROR	SEM_UNRESOLVED_MEMBER	Cannot resolve member 'PID'	src\main\java\dev\railroadide\railroad\java\cli\impl\JcmdCLIBuilder.java:264:42
1	ERROR	SEM_UNRESOLVED_MEMBER	Cannot resolve member 'roots'	src\main\java\dev\railroadide\railroad\ide\language\impl\index\JavaAnalysisContextProvider.java:159:18
1	ERROR	SEM_UNRESOLVED_MEMBER	Cannot resolve member 'WIDENING'	src\main\java\dev\railroadide\railroad\ide\diagnostics\inspections\CoreImplicitNumericConversionInspection.java:295:35
1	ERROR	SEM_UNRESOLVED_MEMBER	Cannot resolve member 'NORMAL'	src\main\java\dev\railroadide\railroad\ui\RRNavigationItem.java:21:61
1	ERROR	SEM_UNRESOLVED_MEMBER	Cannot resolve member 'ahead'	src\main\java\dev\railroadide\railroad\vcs\git\status\GitStatusParser.java:54:24
1	ERROR	SEM_UNRESOLVED_MEMBER	Cannot resolve member 'URL_CONNECTION'	src\main\java\dev\railroadide\railroad\utility\network\check\HTTPCheck.java:17:29
1	ERROR	SEM_UNRESOLVED_MEMBER	Cannot resolve member 'initialSelectionSupplier'	src\main\java\dev\railroadide\railroad\ide\runconfig\ui\form\RunConfigurationPickerComponent.java:38:29
1	ERROR	SEM_UNRESOLVED_MEMBER	Cannot resolve member 'JAVA_ENUM'	src\main\java\dev\railroadide\railroad\ide\projectexplorer\dialog\CreateFileDialog.java:69:107
1	ERROR	SEM_UNRESOLVED_MEMBER	Cannot resolve member 'filter'	src\main\java\dev\railroadide\railroad\ide\runconfig\ui\form\RunConfigurationPickerComponent.java:37:29
1	ERROR	SEM_UNRESOLVED_MEMBER	Cannot resolve member 'availableConfigurations'	src\main\java\dev\railroadide\railroad\ide\runconfig\ui\form\RunConfigurationPickerComponent.java:36:29
1	ERROR	SEM_UNRESOLVED_MEMBER	Cannot resolve member 'labelKey'	src\main\java\dev\railroadide\railroad\ide\runconfig\ui\form\RunConfigurationPickerComponent.java:34:29
1	ERROR	SEM_UNRESOLVED_MEMBER	Cannot resolve member 'component'	src\main\java\dev\railroadide\railroad\project\onboarding\step\OnboardingFormStep.java:118:18
1	ERROR	SEM_UNRESOLVED_MEMBER	Cannot resolve member 'contextKey'	src\main\java\dev\railroadide\railroad\project\onboarding\step\OnboardingFormStep.java:119:18
1	ERROR	SEM_UNRESOLVED_MEMBER	Cannot resolve member 'customizer'	src\main\java\dev\railroadide\railroad\project\onboarding\step\OnboardingFormStep.java:122:18
1	ERROR	SEM_UNRESOLVED_MEMBER	Cannot resolve member 'transformer'	src\main\java\dev\railroadide\railroad\project\onboarding\step\OnboardingFormStep.java:120:18
1	ERROR	SEM_UNRESOLVED_MEMBER	Cannot resolve member 'reverseTransformer'	src\main\java\dev\railroadide\railroad\project\onboarding\step\OnboardingFormStep.java:121:18
1	ERROR	SEM_UNRESOLVED_MEMBER	Cannot resolve member 'branch'	src\main\java\dev\railroadide\railroad\vcs\git\status\GitStatusParser.java:53:24
1	ERROR	SEM_UNRESOLVED_MEMBER	Cannot resolve member 'behind'	src\main\java\dev\railroadide\railroad\vcs\git\status\GitStatusParser.java:55:24
1	ERROR	SEM_UNRESOLVED_MEMBER	Cannot resolve member 'OPENPGP'	src\main\java\dev\railroadide\railroad\vcs\git\identity\GitSigningStatus.java:32:29
1	ERROR	SEM_UNRESOLVED_MEMBER	Cannot resolve member 'builder'	src\main\java\dev\railroadide\railroad\project\onboarding\step\OnboardingFormStep.java:117:18
1	ERROR	SEM_UNRESOLVED_MEMBER	Cannot resolve member 'SSH'	src\main\java\dev\railroadide\railroad\vcs\git\identity\GitSigningStatus.java:34:29
1	ERROR	SEM_UNRESOLVED_MEMBER	Cannot resolve member 'constructors'	src\main\java\dev\railroadide\railroad\ide\classparser\ClassStubVisitor.java:406:39
1	ERROR	SEM_UNRESOLVED_MEMBER	Cannot resolve member 'CONFIGURE'	src\main\java\dev\railroadide\railroad\java\cli\impl\JfrCLIBuilder.java:122:38
1	ERROR	SEM_UNRESOLVED_MEMBER	Cannot resolve member 'methods'	src\main\java\dev\railroadide\railroad\ide\classparser\ClassStubVisitor.java:410:39
1	ERROR	SEM_UNRESOLVED_MEMBER	Cannot resolve member 'resize'	src\main\java\dev\railroadide\railroad\form\impl\TextAreaComponent.java:47:149
1	ERROR	SEM_UNRESOLVED_MEMBER	Cannot resolve member 'OK'	src\main\java\dev\railroadide\railroad\form\ValidationResult.java:28:44
1	ERROR	SEM_UNRESOLVED_MEMBER	Cannot resolve member 'ASSEMBLE'	src\main\java\dev\railroadide\railroad\java\cli\impl\JfrCLIBuilder.java:206:38
1	ERROR	SEM_UNRESOLVED_MEMBER	Cannot resolve member 'NONE'	src\main\java\dev\railroadide\railroad\java\cli\impl\JcmdCLIBuilder.java:260:42
1	ERROR	SEM_UNRESOLVED_MEMBER	Cannot resolve member 'DISASSEMBLE'	src\main\java\dev\railroadide\railroad\java\cli\impl\JfrCLIBuilder.java:221:38
1	ERROR	SEM_UNRESOLVED_MEMBER	Cannot resolve member 'VIEW'	src\main\java\dev\railroadide\railroad\java\cli\impl\JfrCLIBuilder.java:110:38
1	ERROR	SEM_UNRESOLVED_MEMBER	Cannot resolve member 'SUMMARY'	src\main\java\dev\railroadide\railroad\java\cli\impl\JfrCLIBuilder.java:159:38
1	ERROR	SEM_UNRESOLVED_MEMBER	Cannot resolve member 'JSON'	src\main\java\dev\railroadide\railroad\ide\projectexplorer\dialog\CreateFileDialog.java:70:60
1	ERROR	SEM_UNRESOLVED_MEMBER	Cannot resolve member 'JAVA_CLASS'	src\main\java\dev\railroadide\railroad\ide\projectexplorer\dialog\CreateFileDialog.java:69:51
1	ERROR	SEM_UNRESOLVED_MEMBER	Cannot resolve member 'TXT'	src\main\java\dev\railroadide\railroad\ide\projectexplorer\dialog\CreateFileDialog.java:71:59
1	ERROR	SEM_UNRESOLVED_MEMBER	Cannot resolve member 'JAVA_INTERFACE'	src\main\java\dev\railroadide\railroad\ide\projectexplorer\dialog\CreateFileDialog.java:69:77
1	ERROR	SEM_UNRESOLVED_MEMBER	Cannot resolve member 'JAVA_ANNOTATION'	src\main\java\dev\railroadide\railroad\ide\projectexplorer\dialog\CreateFileDialog.java:69:132
1	ERROR	SEM_UNRESOLVED_MEMBER	Cannot resolve member 'translateOptions'	src\main\java\dev\railroadide\railroad\form\impl\RadioButtonGroupComponent.java:42:29
1	ERROR	SEM_UNRESOLVED_MEMBER	Cannot resolve member 'wrapText'	src\main\java\dev\railroadide\railroad\form\impl\TextAreaComponent.java:47:169
1	ERROR	SEM_UNRESOLVED_MEMBER	Cannot resolve member 'spacing'	src\main\java\dev\railroadide\railroad\form\impl\RadioButtonGroupComponent.java:43:29
1	ERROR	SEM_UNRESOLVED_MEMBER	Cannot resolve member 'valueOfFunction'	src\main\java\dev\railroadide\railroad\form\impl\ComboBoxComponent.java:65:126
1	ERROR	SEM_UNRESOLVED_MEMBER	Cannot resolve member 'optionLabelProvider'	src\main\java\dev\railroadide\railroad\form\impl\RadioButtonGroupComponent.java:41:29
