94	ERROR	SEM_INCOMPATIBLE_ASSIGNMENT	Cannot assign 'java.util.Optional' to 'dev.railroadide.railroad.ide.sst.syntax.api.SyntaxNode'	src\main\java\dev\railroadide\railroad\ide\diagnostics\inspections\CoreAssertionCanBeReplacedWithIfStatementInspection.java:67:13 | src\main\java\dev\railroadide\railroad\ide\diagnostics\inspections\CoreAssertionWithSideEffectsInspection.java:43:23 | src\main\java\dev\railroadide\railroad\ide\diagnostics\inspections\CoreAssertionWithSideEffectsInspection.java:73:23 | src\main\java\dev\railroadide\railroad\ide\diagnostics\inspections\CoreAutoCloseableWithoutTryWithResourcesInspection.java:42:23 | src\main\java\dev\railroadide\railroad\ide\diagnostics\inspections\CoreAutoCloseableWithoutTryWithResourcesInspection.java:65:19
71	ERROR	SEM_INCOMPATIBLE_ASSIGNMENT	Cannot assign 'java.util.Optional' to 'dev.railroadide.railroad.ide.sst.semantic.api.Symbol'	src\main\java\dev\railroadide\railroad\ide\diagnostics\inspections\CoreAccessibilityInspection.java:69:19 | src\main\java\dev\railroadide\railroad\ide\diagnostics\inspections\CoreAccessibilityInspection.java:82:23 | src\main\java\dev\railroadide\railroad\ide\diagnostics\inspections\CoreAccessibilityInspection.java:96:19 | src\main\java\dev\railroadide\railroad\ide\diagnostics\inspections\CoreAccessibilityInspection.java:109:23 | src\main\java\dev\railroadide\railroad\ide\diagnostics\inspections\CoreAccessibilityInspection.java:123:19
61	ERROR	SEM_INCOMPATIBLE_ASSIGNMENT	Cannot assign 'java.util.Optional' to 'java.lang.String'	src\main\java\dev\railroadide\railroad\ide\diagnostics\inspections\CoreAccessibilityInspection.java:72:19 | src\main\java\dev\railroadide\railroad\ide\diagnostics\inspections\CoreAccessibilityInspection.java:140:15 | src\main\java\dev\railroadide\railroad\ide\diagnostics\inspections\CoreFeatureEnvyInspection.java:61:19 | src\main\java\dev\railroadide\railroad\ide\diagnostics\inspections\CoreFeatureEnvyInspection.java:79:23 | src\main\java\dev\railroadide\railroad\ide\diagnostics\inspections\CoreFeatureEnvyInspection.java:90:19
51	ERROR	SEM_INCOMPATIBLE_ASSIGNMENT	Cannot assign 'T' to 'java.lang.String'	src\main\java\dev\railroadide\railroad\ide\diagnostics\inspections\SimpleJavaInspectionRule.java:30:9 | src\main\java\dev\railroadide\railroad\ide\diagnostics\inspections\SimpleJavaInspectionRule.java:32:9 | src\main\java\dev\railroadide\railroad\ide\diagnostics\rules\java\JavaSemanticRule.java:16:9 | src\main\java\dev\railroadide\railroad\ide\diagnostics\rules\java\JavaSemanticRule.java:18:9 | src\main\java\dev\railroadide\railroad\ide\runconfig\defaults\ShellScriptRunConfigurationType.java:179:15
30	ERROR	SEM_INCOMPATIBLE_ASSIGNMENT	Cannot assign 'T' to 'dev.railroadide.railroad.java.JDK'	src\main\java\dev\railroadide\railroad\ide\runconfig\defaults\data\GradleRunConfigurationData.java:335:9 | src\main\java\dev\railroadide\railroad\ide\runconfig\defaults\data\JarApplicationRunConfigurationData.java:93:9 | src\main\java\dev\railroadide\railroad\ide\runconfig\defaults\data\JavaApplicationRunConfigurationData.java:100:9 | src\main\java\dev\railroadide\railroad\java\cli\JDKCLI.java:18:9 | src\main\java\dev\railroadide\railroad\java\cli\impl\JarCLIBuilder.java:38:9
23	ERROR	SEM_INCOMPATIBLE_ASSIGNMENT	Cannot assign 'java.lang.String[]' to 'java.lang.String'	src\main\java\dev\railroadide\railroad\project\minecraft\pistonmeta\Download.java:20:15 | src\main\java\dev\railroadide\railroad\settings\Setting.java:584:13 | src\main\java\dev\railroadide\railroad\settings\ui\SettingsPane.java:102:21 | src\main\java\dev\railroadide\railroad\theme\ThemeDownloadManager.java:52:15 | src\main\java\dev\railroadide\railroad\utility\StringUtils.java:156:19
15	ERROR	SEM_INCOMPATIBLE_ASSIGNMENT	Cannot assign 'java.util.List' to 'dev.railroadide.railroad.ide.sst.syntax.api.SyntaxNode'	src\main\java\dev\railroadide\railroad\ide\sst\impl\java\JavaSemanticAnalyzer.java:3592:27 | src\main\java\dev\railroadide\railroad\ide\sst\impl\java\JavaSemanticAnalyzer.java:4769:23 | src\test\java\dev\railroadide\railroad\plugin\spi\inspection\JavaRuleContextTest.java:102:19 | src\test\java\dev\railroadide\railroad\plugin\spi\inspection\JavaRuleContextTest.java:103:19 | src\test\java\dev\railroadide\railroad\plugin\spi\inspection\JavaRuleContextTest.java:172:19
15	ERROR	SEM_INCOMPATIBLE_ASSIGNMENT	Cannot assign 'java.util.Optional' to 'dev.railroadide.railroad.ide.sst.semantic.api.Type'	src\main\java\dev\railroadide\railroad\ide\diagnostics\inspections\CoreAssignmentInspection.java:54:13 | src\main\java\dev\railroadide\railroad\ide\diagnostics\inspections\CoreAssignmentInspection.java:64:13 | src\main\java\dev\railroadide\railroad\ide\diagnostics\inspections\CoreAssignmentInspection.java:65:13 | src\main\java\dev\railroadide\railroad\ide\diagnostics\inspections\CoreAutoCloseableWithoutTryWithResourcesInspection.java:91:13 | src\main\java\dev\railroadide\railroad\ide\diagnostics\inspections\CoreBigDecimalEqualsInspection.java:71:13
14	ERROR	SEM_INCOMPATIBLE_ASSIGNMENT	Cannot assign 'dev.railroadide.railroad.ide.sst.lexer.Token' to 'dev.railroadide.railroad.ide.sst.impl.java.JavaTokenType'	src\main\java\dev\railroadide\railroad\ide\sst\impl\java\JavaGreenParser.java:797:22 | src\main\java\dev\railroadide\railroad\ide\sst\impl\java\JavaGreenParser.java:1070:22 | src\main\java\dev\railroadide\railroad\ide\sst\impl\java\JavaGreenParser.java:1091:26 | src\main\java\dev\railroadide\railroad\ide\sst\impl\java\JavaGreenParser.java:1397:26 | src\main\java\dev\railroadide\railroad\ide\sst\impl\java\JavaGreenParser.java:1452:26
12	ERROR	SEM_INCOMPATIBLE_ASSIGNMENT	Cannot assign 'T' to 'java.util.List'	src\main\java\dev\railroadide\railroad\ide\sst\project\JavaProjectSemanticIndex.java:135:20 | src\test\java\dev\railroadide\railroad\java\cli\JarCLIBuilderTest.java:41:21 | src\test\java\dev\railroadide\railroad\java\cli\JarsignerCLIBuilderTest.java:26:21 | src\test\java\dev\railroadide\railroad\java\cli\JarsignerCLIBuilderTest.java:40:21 | src\test\java\dev\railroadide\railroad\java\cli\JarsignerCLIBuilderTest.java:49:21
10	ERROR	SEM_INCOMPATIBLE_ASSIGNMENT	Cannot assign 'T' to 'dev.railroadide.railroad.plugin.spi.dto.Project'	src\main\java\dev\railroadide\railroad\gradle\project\GradleManager.java:61:9 | src\main\java\dev\railroadide\railroad\gradle\service\impl\ToolingGradleExecutionService.java:38:9 | src\main\java\dev\railroadide\railroad\gradle\service\impl\ToolingGradleModelService.java:53:9 | src\main\java\dev\railroadide\railroad\ide\diagnostics\ProjectDiagnosticsContext.java:24:9 | src\main\java\dev\railroadide\railroad\ide\language\index\ProjectIndexContext.java:21:9
9	ERROR	SEM_INCOMPATIBLE_ASSIGNMENT	Cannot assign 'int' to 'java.lang.String[]'	src\main\java\dev\railroadide\railroad\ide\runconfig\defaults\data\GradleRunConfigurationData.java:45:21 | src\main\java\dev\railroadide\railroad\ide\runconfig\defaults\data\JarApplicationRunConfigurationData.java:25:21 | src\main\java\dev\railroadide\railroad\ide\runconfig\defaults\data\JarApplicationRunConfigurationData.java:26:21 | src\main\java\dev\railroadide\railroad\ide\runconfig\defaults\data\JavaApplicationRunConfigurationData.java:28:21 | src\main\java\dev\railroadide\railroad\ide\runconfig\defaults\data\JavaApplicationRunConfigurationData.java:29:21
8	ERROR	SEM_INCOMPATIBLE_ASSIGNMENT	Cannot assign 'T' to 'dev.railroadide.railroad.switchboard.pojo.MinecraftVersion'	src\main\java\dev\railroadide\railroad\project\onboarding\creation\step\DownloadFabricExampleModStep.java:33:25 | src\main\java\dev\railroadide\railroad\project\onboarding\creation\step\ResolveFabricMdkVersionStep.java:30:25 | src\main\java\dev\railroadide\railroad\project\onboarding\creation\step\UpdateFabricModJsonStep.java:135:33 | src\main\java\dev\railroadide\railroad\project\onboarding\creation\step\UpdateGradleFilesStep.java:51:25 | src\main\java\dev\railroadide\railroad\project\onboarding\creation\step\UpdateGradleFilesStep.java:57:29
8	ERROR	SEM_INCOMPATIBLE_ASSIGNMENT	Cannot assign 'int[]' to 'int'	src\main\java\dev\railroadide\railroad\ide\signature\JdtJavaSignatureHelpProvider.java:141:12 | src\main\java\dev\railroadide\railroad\ide\signature\JdtJavaSignatureHelpProvider.java:142:12 | src\main\java\dev\railroadide\railroad\ide\ui\codeeditor\CodeEditorPane.java:898:21 | src\main\java\dev\railroadide\railroad\ide\ui\codeeditor\CodeEditorPane.java:899:21 | src\main\java\dev\railroadide\railroad\vcs\git\GitManager.java:1136:16
7	ERROR	SEM_INCOMPATIBLE_ASSIGNMENT	Cannot assign 'int' to 'java.lang.Integer'	src\main\java\dev\railroadide\railroad\java\JDKUtils.java:89:21 | src\main\java\dev\railroadide\railroad\java\JDKUtils.java:97:17 | src\main\java\dev\railroadide\railroad\java\cli\impl\JstatCLIBuilder.java:255:9 | src\main\java\dev\railroadide\railroad\java\cli\impl\RmiregistryCLIBuilder.java:108:9 | src\main\java\dev\railroadide\railroad\project\onboarding\step\OnboardingFormStep.java:302:13
6	ERROR	SEM_INCOMPATIBLE_ASSIGNMENT	Cannot assign 'NullableI' to 'dev.railroadide.railroad.ide.sst.project.JavaProjectSemanticIndex'	src\main\java\dev\railroadide\railroad\ide\language\impl\index\JavaAnalysisContextProvider.java:39:33 | src\test\java\dev\railroadide\railroad\ide\language\index\ProjectLanguageIndexCoordinatorTest.java:54:33 | src\test\java\dev\railroadide\railroad\ide\language\index\ProjectLanguageIndexCoordinatorTest.java:87:33 | src\test\java\dev\railroadide\railroad\ide\language\index\ProjectLanguageIndexCoordinatorTest.java:93:33 | src\test\java\dev\railroadide\railroad\ide\sst\project\ProjectLanguageIndexServiceTest.java:245:37
6	ERROR	SEM_INCOMPATIBLE_ASSIGNMENT	Cannot assign 'java.lang.Integer' to 'int'	src\main\java\dev\railroadide\railroad\ide\diagnostics\inspections\CoreFeatureEnvyInspection.java:96:20 | src\main\java\dev\railroadide\railroad\ide\ui\JavaCodeEditorPane.java:153:16 | src\main\java\dev\railroadide\railroad\ide\ui\JsonCodeEditorPane.java:197:16 | src\main\java\dev\railroadide\railroad\ide\ui\JsonCodeEditorPane.java:198:16 | src\main\java\dev\railroadide\railroad\ide\ui\setup\RunControlsPane.java:371:16
6	ERROR	SEM_INCOMPATIBLE_ASSIGNMENT	Cannot assign 'T' to 'com.google.gson.JsonObject'	src\main\java\dev\railroadide\railroad\ide\ui\setup\TerminalFactory.java:225:27 | src\main\java\dev\railroadide\railroad\plugin\PluginLoader.java:62:23 | src\main\java\dev\railroadide\railroad\project\facet\detector\FabricFacetDetector.java:39:23 | src\main\java\dev\railroadide\railroad\project\minecraft\pistonmeta\Library.java:55:19 | src\main\java\dev\railroadide\railroad\project\onboarding\creation\step\UpdateFabricModJsonStep.java:46:19
5	ERROR	SEM_INCOMPATIBLE_ASSIGNMENT	Cannot assign 'int' to 'int[][]'	src\main\java\dev\railroadide\railroad\utility\StringUtils.java:181:16 | src\main\java\dev\railroadide\railroad\utility\StringUtils.java:184:46 | src\main\java\dev\railroadide\railroad\utility\StringUtils.java:185:46 | src\main\java\dev\railroadide\railroad\utility\StringUtils.java:191:17 | src\test\resources\dev\railroadide\railroad\ide\sst\impl\java\corpus\valid\07_expressions_all_forms.java:10:16
5	ERROR	SEM_INCOMPATIBLE_ASSIGNMENT	Cannot assign 'dev.railroadide.railroad.ide.sst.project.JavaProjectSemanticIndex.Builder' to 'dev.railroadide.railroad.ide.sst.project.JavaProjectSemanticIndex$Builder'	src\main\java\dev\railroadide\railroad\ide\language\impl\index\JavaProjectLanguageIndexer.java:30:41 | src\main\java\dev\railroadide\railroad\ide\language\impl\index\JavaProjectLanguageIndexer.java:47:41 | src\main\java\dev\railroadide\railroad\ide\language\impl\index\JavaProjectLanguageIndexer.java:60:41 | src\main\java\dev\railroadide\railroad\ide\sst\project\JavaProjectSemanticIndexer.java:45:41 | src\main\java\dev\railroadide\railroad\ide\sst\project\JavaProjectSemanticPersistence.java:46:45
5	ERROR	SEM_INCOMPATIBLE_ASSIGNMENT	Cannot assign 'java.util.stream.Stream' to 'java.util.List'	src\main\java\dev\railroadide\railroad\ide\ui\codeeditor\CodeEditorPane.java:523:29 | src\main\java\dev\railroadide\railroad\ide\ui\git\branches\AbstractGitBranchesListView.java:233:21 | src\main\java\dev\railroadide\railroad\project\onboarding\creation\step\UpdateForgeModsTomlStep.java:45:9 | src\main\java\dev\railroadide\railroad\ui\RRAutoCompleteTextField.java:112:25 | src\main\java\dev\railroadide\railroad\ui\RRAutoCompleteTextField.java:121:21
5	ERROR	SEM_INCOMPATIBLE_ASSIGNMENT	Cannot assign 'java.util.Optional' to 'dev.railroadide.railroad.ide.sst.project.JavaProjectSemanticIndex$SymbolDescriptor'	src\main\java\dev\railroadide\railroad\ide\sst\impl\java\JavaSemanticAnalyzer.java:2118:54 | src\main\java\dev\railroadide\railroad\ide\sst\impl\java\JavaSemanticAnalyzer.java:2533:54 | src\main\java\dev\railroadide\railroad\ide\sst\impl\java\JavaSemanticAnalyzer.java:2726:54 | src\main\java\dev\railroadide\railroad\plugin\spi\inspection\JavaRuleContext.java:2460:50 | src\main\java\dev\railroadide\railroad\plugin\spi\inspection\JavaRuleContext.java:2694:50
5	ERROR	SEM_INCOMPATIBLE_ASSIGNMENT	Cannot assign 'java.lang.String' to 'java.lang.String[]'	src\main\java\dev\railroadide\railroad\ide\runconfig\defaults\JarApplicationRunConfigurationType.java:68:9 | src\main\java\dev\railroadide\railroad\ide\runconfig\defaults\JarApplicationRunConfigurationType.java:70:9 | src\main\java\dev\railroadide\railroad\ide\runconfig\defaults\JarApplicationRunConfigurationType.java:71:9 | src\main\java\dev\railroadide\railroad\vcs\git\execution\GitProcessRunner.java:291:9 | src\main\java\dev\railroadide\railroad\vcs\git\execution\GitProcessRunner.java:298:13
4	ERROR	SEM_INCOMPATIBLE_ASSIGNMENT	Cannot assign 'java.util.function.Function' to 'R'	src\main\java\dev\railroadide\railroad\ide\sst\parser\Parser.java:208:10 | src\main\java\dev\railroadide\railroad\ide\sst\parser\Parser.java:292:14 | src\main\java\dev\railroadide\railroad\ide\sst\parser\Parser.java:312:10 | src\main\java\dev\railroadide\railroad\ide\sst\parser\Parser.java:319:14
4	ERROR	SEM_INCOMPATIBLE_ASSIGNMENT	Cannot assign 'javafx.scene.input.KeyCombination$Modifier' to 'int'	src\main\java\dev\railroadide\railroad\settings\keybinds\KeybindsList.java:410:43 | src\main\java\dev\railroadide\railroad\settings\keybinds\KeybindsList.java:411:39 | src\main\java\dev\railroadide\railroad\settings\keybinds\KeybindsList.java:412:40 | src\main\java\dev\railroadide\railroad\settings\keybinds\KeybindsList.java:413:38
4	ERROR	SEM_INCOMPATIBLE_ASSIGNMENT	Cannot assign 'T' to 'java.nio.file.Path'	src\main\java\dev\railroadide\railroad\ide\sst\project\JavaStubSymbolIndex.java:40:17 | src\main\java\dev\railroadide\railroad\ide\ui\codeeditor\TextEditorPane.java:77:9 | src\main\java\dev\railroadide\railroad\java\cli\impl\KeytoolCLIBuilder.java:57:9 | src\main\java\dev\railroadide\railroad\plugin\spi\inspection\JavaRuleContext.java:122:9
4	ERROR	SEM_INCOMPATIBLE_ASSIGNMENT	Cannot assign 'int' to 'byte[]'	src\main\java\dev\railroadide\railroad\utility\FileUtils.java:303:19 | src\main\java\dev\railroadide\railroad\vcs\git\execution\GitProcessRunner.java:198:15 | src\main\java\dev\railroadide\railroad\vcs\git\execution\GitProcessRunner.java:217:15 | src\main\java\dev\railroadide\railroad\vcs\git\execution\GitProcessRunner.java:242:15
4	ERROR	SEM_INCOMPATIBLE_ASSIGNMENT	Cannot assign 'java.util.stream.Stream' to 'java.util.Map'	src\main\java\dev\railroadide\railroad\gradle\ui\task\GradleTaskTreeBuilder.java:28:54 | src\main\java\dev\railroadide\railroad\gradle\ui\task\GradleTaskTreeBuilder.java:31:36 | src\main\java\dev\railroadide\railroad\gradle\ui\task\GradleTaskTreeBuilder.java:78:46 | src\main\java\dev\railroadide\railroad\ide\language\index\DefaultProjectIndexContextResolver.java:18:42
4	ERROR	SEM_INCOMPATIBLE_ASSIGNMENT	Cannot assign 'java.lang.Boolean' to 'boolean'	src\main\java\dev\railroadide\railroad\ide\diagnostics\inspections\CoreConstantConditionalExpressionInspection.java:491:16 | src\main\java\dev\railroadide\railroad\plugin\PluginManager.java:373:20 | src\main\java\dev\railroadide\railroad\plugin\ui\PluginsPane.java:369:16 | src\main\java\dev\railroadide\railroad\settings\Settings.java:117:24
4	ERROR	SEM_INCOMPATIBLE_ASSIGNMENT	Cannot assign 'T' to 'java.util.function.Consumer'	src\main\java\dev\railroadide\railroad\project\onboarding\step\OnboardingFormStep.java:50:9 | src\main\java\dev\railroadide\railroad\project\onboarding\step\OnboardingFormStep.java:51:9 | src\main\java\dev\railroadide\railroad\project\onboarding\step\OnboardingFormStep.java:52:9 | src\main\java\dev\railroadide\railroad\project\onboarding\step\OnboardingFormStep.java:53:9
3	ERROR	SEM_INCOMPATIBLE_ASSIGNMENT	Cannot assign 'T' to 'dev.railroadide.railroad.ide.sst.syntax.api.SyntaxTree'	src\main\java\dev\railroadide\railroad\ide\sst\impl\java\JavaSyntaxParser.java:422:13 | src\main\java\dev\railroadide\railroad\ide\sst\semantic\api\SemanticModel.java:46:9 | src\main\java\dev\railroadide\railroad\ide\sst\semantic\api\SemanticModel.java:163:13
3	ERROR	SEM_INCOMPATIBLE_ASSIGNMENT	Cannot assign 'T' to 'java.util.Map'	src\main\java\dev\railroadide\railroad\ide\sst\project\JavaProjectSemanticIndex.java:121:9 | src\main\java\dev\railroadide\railroad\ide\sst\project\JavaProjectSemanticIndex.java:132:9 | src\main\java\dev\railroadide\railroad\ide\sst\semantic\api\SemanticModel.java:145:9
3	ERROR	SEM_INCOMPATIBLE_ASSIGNMENT	Cannot assign 'T' to 'dev.railroadide.railroad.ide.runconfig.RunConfiguration'	src\main\java\dev\railroadide\railroad\ide\runconfig\ui\RunConfigurationListCell.java:46:32 | src\main\java\dev\railroadide\railroad\ide\runconfig\ui\RunConfigurationListCell.java:59:32 | src\main\java\dev\railroadide\railroad\ide\runconfig\ui\RunConfigurationListCell.java:72:32
3	ERROR	SEM_INCOMPATIBLE_ASSIGNMENT	Cannot assign 'javafx.beans.property.StringProperty' to 'java.lang.String'	src\main\java\dev\railroadide\railroad\project\RailroadProject.java:407:15 | src\main\java\dev\railroadide\railroad\project\onboarding\impl\ForgeProjectOnboarding.java:317:35 | src\main\java\dev\railroadide\railroad\project\onboarding\impl\NeoforgeProjectOnboarding.java:317:35
3	ERROR	SEM_INCOMPATIBLE_ASSIGNMENT	Cannot assign 'dev.railroadide.railroad.plugin.spi.inspection.JavaRuleContext.NegationUnwrapResult' to 'dev.railroadide.railroad.plugin.spi.inspection.JavaRuleContext$NegationUnwrapResult'	src\main\java\dev\railroadide\railroad\ide\diagnostics\inspections\CoreDoubleNegationInspection.java:52:49 | src\main\java\dev\railroadide\railroad\ide\diagnostics\inspections\CoreOptionalGetWithoutIsPresentCheckInspection.java:174:45 | src\main\java\dev\railroadide\railroad\ide\diagnostics\inspections\CoreOptionalGetWithoutIsPresentCheckInspection.java:225:45
3	ERROR	SEM_INCOMPATIBLE_ASSIGNMENT	Cannot assign 'T' to 'dev.railroadide.railroad.ide.sst.semantic.api.SymbolKind'	src\main\java\dev\railroadide\railroad\ide\sst\impl\java\JavaSemanticAnalyzer.java:4368:13 | src\main\java\dev\railroadide\railroad\ide\sst\project\JavaProjectSemanticIndex.java:284:13 | src\main\java\dev\railroadide\railroad\ide\sst\semantic\api\SimpleSymbol.java:19:9
3	ERROR	SEM_INCOMPATIBLE_ASSIGNMENT	Cannot assign 'T' to 'dev.railroadide.railroad.switchboard.cache.MetadataCacheEntry'	src\main\java\dev\railroadide\railroad\switchboard\cache\impl\JsonCacheManager.java:60:38 | src\main\java\dev\railroadide\railroad\switchboard\cache\impl\JsonCacheManager.java:125:46 | src\main\java\dev\railroadide\railroad\switchboard\cache\impl\SqlCacheManager.java:155:42
3	ERROR	SEM_INCOMPATIBLE_ASSIGNMENT	Cannot assign 'T' to 'boolean'	src\main\java\dev\railroadide\railroad\ide\runconfig\defaults\data\JavaApplicationRunConfigurationData.java:99:9 | src\main\java\dev\railroadide\railroad\ide\runconfig\defaults\data\ShellScriptRunConfigurationData.java:122:9 | src\main\java\dev\railroadide\railroad\ide\ui\JsonCodeEditorPane.java:82:24
3	ERROR	SEM_INCOMPATIBLE_ASSIGNMENT	Cannot assign 'dev.railroadide.railroad.form.UpdatableObjectProperty' to 'javafx.scene.Node'	src\main\java\dev\railroadide\railroad\project\onboarding\impl\FabricProjectOnboarding.java:680:13 | src\main\java\dev\railroadide\railroad\project\onboarding\impl\ForgeProjectOnboarding.java:666:13 | src\main\java\dev\railroadide\railroad\project\onboarding\impl\NeoforgeProjectOnboarding.java:666:13
3	ERROR	SEM_INCOMPATIBLE_ASSIGNMENT	Cannot assign 'dev.railroadide.railroad.ide.sst.impl.java.JavaSyntaxParser.ParseResult' to 'dev.railroadide.railroad.ide.sst.impl.java.JavaSyntaxParser$ParseResult'	src\test\java\dev\railroadide\railroad\ide\sst\impl\java\JavaSyntaxAssertions.java:14:37 | src\test\java\dev\railroadide\railroad\ide\sst\impl\java\JavaSyntaxAssertions.java:24:37 | src\test\java\dev\railroadide\railroad\ide\sst\impl\java\JavaSyntaxParserTest.java:51:37
3	ERROR	SEM_INCOMPATIBLE_ASSIGNMENT	Cannot assign 'dev.railroadide.railroad.settings.Setting' to 'java.lang.String'	src\main\java\dev\railroadide\railroad\ide\ui\codeeditor\TextEditorPane.java:188:15 | src\main\java\dev\railroadide\railroad\ide\ui\setup\TerminalFactory.java:199:19 | src\main\java\dev\railroadide\railroad\ide\ui\setup\TerminalFactory.java:205:19
3	ERROR	SEM_INCOMPATIBLE_ASSIGNMENT	Cannot assign 'org.fxmisc.richtext.model.PlainTextChange' to 'java.lang.String'	src\main\java\dev\railroadide\railroad\ide\ui\codeeditor\CodeEditorPane.java:559:15 | src\main\java\dev\railroadide\railroad\ide\ui\codeeditor\TextEditorPane.java:432:15 | src\main\java\dev\railroadide\railroad\ide\ui\codeeditor\TextEditorPane.java:433:15
2	ERROR	SEM_INCOMPATIBLE_ASSIGNMENT	Cannot assign 'T' to 'dev.railroadide.railroad.project.creation.mixin.MixinConfig'	src\main\java\dev\railroadide\railroad\project\onboarding\creation\step\RenameMixinsStep.java:39:20 | src\main\java\dev\railroadide\railroad\project\onboarding\creation\step\RenameMixinsStep.java:51:24
2	ERROR	SEM_INCOMPATIBLE_ASSIGNMENT	Cannot assign 'dev.railroadide.railroad.ide.language.index.ProjectLanguageIndexer' to 'I'	src\main\java\dev\railroadide\railroad\ide\language\index\ProjectLanguageIndexService.java:180:10 | src\main\java\dev\railroadide\railroad\ide\language\index\ProjectLanguageIndexService.java:203:10
2	ERROR	SEM_INCOMPATIBLE_ASSIGNMENT	Cannot assign 'I' to 'dev.railroadide.railroad.ide.language.index.ProjectLanguageIndex'	src\main\java\dev\railroadide\railroad\ide\language\index\ProjectLanguageIndexService.java:111:32 | src\main\java\dev\railroadide\railroad\ide\language\index\ProjectLanguageIndexService.java:147:32
2	ERROR	SEM_INCOMPATIBLE_ASSIGNMENT	Cannot assign 'T' to 'dev.railroadide.railroad.ide.sst.semantic.api.SemanticDiagnostic$Severity'	src\main\java\dev\railroadide\railroad\ide\diagnostics\inspections\SimpleJavaInspectionRule.java:31:9 | src\main\java\dev\railroadide\railroad\ide\diagnostics\rules\java\JavaSemanticRule.java:17:9
2	ERROR	SEM_INCOMPATIBLE_ASSIGNMENT	Cannot assign 'java.util.Map' to 'dev.railroadide.railroad.ide.classparser.stub.ClassStub'	src\main\java\dev\railroadide\railroad\ide\diagnostics\inspections\CoreSerializableClassWithUnconstructableAncestorInspection.java:73:18 | src\main\java\dev\railroadide\railroad\ide\sst\impl\java\JavaSemanticAnalyzer.java:1748:54
2	ERROR	SEM_INCOMPATIBLE_ASSIGNMENT	Cannot assign 'T' to 'java.lang.RuntimeException'	src\test\java\dev\railroadide\railroad\java\cli\ProcessExecutionTest.java:29:25 | src\test\java\dev\railroadide\railroad\java\cli\ProcessExecutionTest.java:40:25
2	ERROR	SEM_INCOMPATIBLE_ASSIGNMENT	Cannot assign 'T' to 'java.util.function.Supplier'	src\main\java\dev\railroadide\railroad\form\impl\RadioButtonGroupComponent.java:270:13 | src\main\java\dev\railroadide\railroad\project\onboarding\step\OnboardingFormStep.java:48:9
2	ERROR	SEM_INCOMPATIBLE_ASSIGNMENT	Cannot assign 'T' to 'java.util.function.Function'	src\main\java\dev\railroadide\railroad\form\impl\RadioButtonGroupComponent.java:274:13 | src\main\java\dev\railroadide\railroad\project\onboarding\step\OnboardingFormStep.java:54:9
2	ERROR	SEM_INCOMPATIBLE_ASSIGNMENT	Cannot assign 'NullableI' to 'I'	src\main\java\dev\railroadide\railroad\ide\language\index\ProjectLanguageIndexService.java:175:10 | src\main\java\dev\railroadide\railroad\ide\language\index\ProjectLanguageIndexService.java:199:10
2	ERROR	SEM_INCOMPATIBLE_ASSIGNMENT	Cannot assign 'T' to 'dev.railroadide.railroad.gradle.GradleEnvironment'	src\main\java\dev\railroadide\railroad\gradle\service\impl\ToolingGradleExecutionService.java:39:9 | src\main\java\dev\railroadide\railroad\gradle\service\impl\ToolingGradleModelService.java:54:9
2	ERROR	SEM_INCOMPATIBLE_ASSIGNMENT	Cannot assign 'java.util.concurrent.CompletableFuture' to 'dev.railroadide.railroad.gradle.model.GradleBuildModel'	src\main\java\dev\railroadide\railroad\ide\language\impl\index\JavaLanguageIndexContextContributor.java:427:33 | src\main\java\dev\railroadide\railroad\ide\runconfig\defaults\data\GradleRunConfigurationData.java:302:29
2	ERROR	SEM_INCOMPATIBLE_ASSIGNMENT	Cannot assign 'java.util.Optional' to 'dev.railroadide.railroad.project.DisplayTest'	src\main\java\dev\railroadide\railroad\project\onboarding\impl\ForgeProjectOnboarding.java:158:20 | src\main\java\dev\railroadide\railroad\project\onboarding\impl\NeoforgeProjectOnboarding.java:158:20
2	ERROR	SEM_INCOMPATIBLE_ASSIGNMENT	Cannot assign 'T' to 'java.net.URL'	src\test\java\dev\railroadide\railroad\ide\sst\impl\java\JavaParserCorpusTest.java:109:12 | src\test\java\dev\railroadide\railroad\ide\sst\impl\java\JavaSemanticAnalyzerTest.java:175:12
2	ERROR	SEM_INCOMPATIBLE_ASSIGNMENT	Cannot assign 'T' to 'dev.railroadide.railroad.project.ProjectType'	src\main\java\dev\railroadide\railroad\project\onboarding\creation\step\UpdateGradleFilesStep.java:120:20 | src\main\java\dev\railroadide\railroad\project\onboarding\creation\step\UpdateGradlePropertiesStep.java:41:20
2	ERROR	SEM_INCOMPATIBLE_ASSIGNMENT	Cannot assign 'T' to 'dev.railroadide.railroad.switchboard.pojo.FabricLoaderVersion'	src\main\java\dev\railroadide\railroad\project\onboarding\creation\step\UpdateFabricModJsonStep.java:128:36 | src\main\java\dev\railroadide\railroad\project\onboarding\creation\step\UpdateGradlePropertiesStep.java:76:32
2	ERROR	SEM_INCOMPATIBLE_ASSIGNMENT	Cannot assign 'T' to 'java.util.concurrent.Executor'	src\main\java\dev\railroadide\railroad\gradle\service\impl\ToolingGradleExecutionService.java:40:9 | src\main\java\dev\railroadide\railroad\gradle\service\impl\ToolingGradleModelService.java:55:9
2	ERROR	SEM_INCOMPATIBLE_ASSIGNMENT	Cannot assign 'T' to 'dev.railroadide.railroad.ide.sst.lexer.Lexer'	src\main\java\dev\railroadide\railroad\ide\sst\impl\java\JavaGreenParser.java:155:9 | src\main\java\dev\railroadide\railroad\ide\sst\parser\Parser.java:32:9
2	ERROR	SEM_INCOMPATIBLE_ASSIGNMENT	Cannot assign 'T' to 'java.lang.Enum'	src\test\java\dev\railroadide\railroad\java\cli\JarsignerCLIBuilderTest.java:22:16 | src\test\java\dev\railroadide\railroad\java\cli\JarsignerCLIBuilderTest.java:36:16
2	ERROR	SEM_INCOMPATIBLE_ASSIGNMENT	Cannot assign 'char[]' to 'char'	src\main\java\dev\railroadide\railroad\ide\diagnostics\JavaDiagnosticsProvider.java:135:17 | src\main\java\dev\railroadide\railroad\ide\diagnostics\JdtDiagnosticsProvider.java:80:17
2	ERROR	SEM_INCOMPATIBLE_ASSIGNMENT	Cannot assign 'dev.railroadide.railroad.settings.Setting' to 'java.lang.Long'	src\main\java\dev\railroadide\railroad\vcs\git\GitCommands.java:286:13 | src\main\java\dev\railroadide\railroad\vcs\git\util\GitLocator.java:25:13
2	ERROR	SEM_INCOMPATIBLE_ASSIGNMENT	Cannot assign 'dev.railroadide.railroad.ide.sst.semantic.api.Type.UnknownType' to 'dev.railroadide.railroad.ide.sst.semantic.api.Type'	src\main\java\dev\railroadide\railroad\plugin\spi\inspection\JavaRuleContext.java:2593:13 | src\main\java\dev\railroadide\railroad\plugin\spi\inspection\JavaRuleContext.java:2805:21
2	ERROR	SEM_INCOMPATIBLE_ASSIGNMENT	Cannot assign 'T' to 'dev.railroadide.railroad.ide.sst.project.JavaProjectSemanticIndex.SourceFileIndex'	src\main\java\dev\railroadide\railroad\ide\sst\project\JavaProjectSemanticIndex.java:124:28 | src\main\java\dev\railroadide\railroad\ide\sst\project\JavaProjectSemanticIndex.java:223:13
2	ERROR	SEM_INCOMPATIBLE_ASSIGNMENT	Cannot assign 'dev.railroadide.railroad.ide.sst.semantic.api.Type.VoidType' to 'dev.railroadide.railroad.ide.sst.semantic.api.Type'	src\main\java\dev\railroadide\railroad\plugin\spi\inspection\JavaRuleContext.java:2591:13 | src\main\java\dev\railroadide\railroad\plugin\spi\inspection\JavaRuleContext.java:2597:13
2	ERROR	SEM_INCOMPATIBLE_ASSIGNMENT	Cannot assign 'T' to 'dev.railroadide.railroad.ide.sst.semantic.api.Scope'	src\main\java\dev\railroadide\railroad\ide\sst\semantic\api\SemanticModel.java:47:9 | src\main\java\dev\railroadide\railroad\ide\sst\semantic\api\SemanticModel.java:164:13
2	ERROR	SEM_INCOMPATIBLE_ASSIGNMENT	Cannot assign 'T' to 'dev.railroadide.railroad.ide.sst.semantic.api.Type'	src\main\java\dev\railroadide\railroad\ide\sst\impl\java\JavaSemanticAnalyzer.java:4372:13 | src\main\java\dev\railroadide\railroad\ide\sst\semantic\api\Type.java:102:13
2	ERROR	SEM_INCOMPATIBLE_ASSIGNMENT	Cannot assign 'ArrayList' to 'java.util.function.Supplier'	src\main\java\dev\railroadide\railroad\form\impl\ComboBoxComponent.java:472:40 | src\main\java\dev\railroadide\railroad\ide\runconfig\ui\form\RunConfigurationPickerComponent.java:109:13
2	ERROR	SEM_INCOMPATIBLE_ASSIGNMENT	Cannot assign 'T' to 'dev.railroadide.railroad.ide.language.index.ProjectIndexContext'	src\main\java\dev\railroadide\railroad\ide\diagnostics\ProjectDiagnosticsContext.java:25:9 | src\main\java\dev\railroadide\railroad\ide\language\index\ProjectLanguageIndexCoordinator.java:34:9
2	ERROR	SEM_INCOMPATIBLE_ASSIGNMENT	Cannot assign 'dev.railroadide.railroad.registry.Registry' to 'dev.railroadide.railroad.settings.Setting'	src\main\java\dev\railroadide\railroad\settings\handler\SettingsHandler.java:240:15 | src\main\java\dev\railroadide\railroad\settings\handler\SettingsHolder.java:75:23
2	ERROR	SEM_INCOMPATIBLE_ASSIGNMENT	Cannot assign 'int' to 'boolean'	src\main\java\dev\railroadide\railroad\ide\ui\git\commit\details\GitCommitCherryPickButton.java:32:28 | src\main\java\dev\railroadide\railroad\ide\ui\git\commit\details\GitCommitCherryPickButton.java:33:28
2	ERROR	SEM_INCOMPATIBLE_ASSIGNMENT	Cannot assign 'int' to 'int[]'	src\main\java\dev\railroadide\railroad\ide\ui\codeeditor\CodeEditorPane.java:920:13 | src\main\java\dev\railroadide\railroad\ide\ui\codeeditor\CodeEditorPane.java:922:13
2	ERROR	SEM_INCOMPATIBLE_ASSIGNMENT	Cannot assign 'byte[]' to 'byte'	src\main\java\dev\railroadide\railroad\vcs\git\execution\GitProcessRunner.java:224:25 | src\main\java\dev\railroadide\railroad\vcs\git\execution\GitProcessRunner.java:249:25
2	ERROR	SEM_INCOMPATIBLE_ASSIGNMENT	Cannot assign 'java.util.Map' to 'T'	src\main\java\dev\railroadide\railroad\registry\BasicRegistry.java:49:10 | src\main\java\dev\railroadide\railroad\registry\OrderedRegistry.java:48:10
2	ERROR	SEM_INCOMPATIBLE_ASSIGNMENT	Cannot assign 'dev.railroadide.railroad.settings.Setting' to 'java.nio.file.Path'	src\main\java\dev\railroadide\railroad\ide\ui\setup\TerminalFactory.java:250:13 | src\main\java\dev\railroadide\railroad\project\RailroadProject.java:81:13
2	ERROR	SEM_INCOMPATIBLE_ASSIGNMENT	Cannot assign 'java.util.Optional' to 'com.panemu.tiwulfx.control.dock.DetachableTabPane'	src\main\java\dev\railroadide\railroad\ide\ui\git\commit\changes\FileItem.java:106:26 | src\main\java\dev\railroadide\railroad\ide\ui\git\commit\list\GitCommitListViewPane.java:189:26
2	ERROR	SEM_INCOMPATIBLE_ASSIGNMENT	Cannot assign 'java.util.Optional' to 'dev.railroadide.railroad.vcs.git.remote.GitUpstream'	src\main\java\dev\railroadide\railroad\ide\ui\git\overview\GitOverviewHeaderPane.java:199:20 | src\main\java\dev\railroadide\railroad\vcs\git\GitManager.java:363:20
1	ERROR	SEM_INCOMPATIBLE_ASSIGNMENT	Cannot assign 'T' to 'dev.railroadide.railroad.java.cli.impl.JavaExecutableCLIBuilder.LogLevel'	src\main\java\dev\railroadide\railroad\java\cli\impl\JavaExecutableCLIBuilder.java:3443:13
1	ERROR	SEM_INCOMPATIBLE_ASSIGNMENT	Cannot assign 'T' to 'dev.railroadide.railroad.java.cli.impl.JarCLIBuilder.OperationMode'	src\main\java\dev\railroadide\railroad\java\cli\impl\JarCLIBuilder.java:90:9
1	ERROR	SEM_INCOMPATIBLE_ASSIGNMENT	Cannot assign 'T' to 'dev.railroadide.railroad.plugin.spi.PluginDescriptor'	src\main\java\dev\railroadide\railroad\plugin\ui\PluginsPane.java:417:33
1	ERROR	SEM_INCOMPATIBLE_ASSIGNMENT	Cannot assign 'T' to 'java.util.concurrent.TimeUnit'	src\main\java\dev\railroadide\railroad\java\cli\impl\KeytoolCLIBuilder.java:81:9
1	ERROR	SEM_INCOMPATIBLE_ASSIGNMENT	Cannot assign 'T' to 'dev.railroadide.railroad.java.cli.impl.JavaExecutableCLIBuilder.LaunchType'	src\main\java\dev\railroadide\railroad\java\cli\impl\JavaExecutableCLIBuilder.java:43:9
1	ERROR	SEM_INCOMPATIBLE_ASSIGNMENT	Cannot assign 'T' to 'dev.railroadide.railroad.java.cli.impl.JavaExecutableCLIBuilder.LogOutput'	src\main\java\dev\railroadide\railroad\java\cli\impl\JavaExecutableCLIBuilder.java:3361:13
1	ERROR	SEM_INCOMPATIBLE_ASSIGNMENT	Cannot assign 'T' to 'javafx.application.HostServices'	src\main\java\dev\railroadide\railroad\plugin\ui\PluginsPane.java:67:13
1	ERROR	SEM_INCOMPATIBLE_ASSIGNMENT	Cannot assign 'T' to 'dev.railroadide.railroad.project.creation.modjson.MixinEnvironment'	src\main\java\dev\railroadide\railroad\project\creation\modjson\adapter\MixinListTypeAdapter.java:32:33
1	ERROR	SEM_INCOMPATIBLE_ASSIGNMENT	Cannot assign 'T' to 'dev.railroadide.railroad.localization.Language'	src\main\java\dev\railroadide\railroad\localization\L18n.java:55:17
1	ERROR	SEM_INCOMPATIBLE_ASSIGNMENT	Cannot assign 'java.util.Optional' to 'dev.railroadide.railroad.plugin.spi.PluginDescriptor'	src\main\java\dev\railroadide\railroad\plugin\PluginManager.java:424:29
1	ERROR	SEM_INCOMPATIBLE_ASSIGNMENT	Cannot assign 'T' to 'java.lang.Object'	src\main\java\dev\railroadide\railroad\project\facet\FacetTypeAdapter.java:55:15
1	ERROR	SEM_INCOMPATIBLE_ASSIGNMENT	Cannot assign 'T' to 'dev.railroadide.railroad.project.creation.modjson.Entrypoint'	src\main\java\dev\railroadide\railroad\project\creation\modjson\adapter\EntrypointListTypeAdapter.java:31:27
1	ERROR	SEM_INCOMPATIBLE_ASSIGNMENT	Cannot assign 'T' to 'dev.railroadide.railroad.project.creation.modjson.Person'	src\main\java\dev\railroadide\railroad\project\creation\modjson\adapter\PersonListTypeAdapter.java:31:23
1	ERROR	SEM_INCOMPATIBLE_ASSIGNMENT	Cannot assign 'int' to 'dev.railroadide.railroad.ide.classparser.Type[]'	src\main\java\dev\railroadide\railroad\ide\classparser\ClassStubVisitor.java:59:19
1	ERROR	SEM_INCOMPATIBLE_ASSIGNMENT	Cannot assign 'dev.railroadide.railroad.form.FormComponentValidator' to 'dev.railroadide.railroad.form.ValidationResult'	src\main\java\dev\railroadide\railroad\form\FormComponent.java:300:25
1	ERROR	SEM_INCOMPATIBLE_ASSIGNMENT	Cannot assign 'javafx.beans.property.ObjectProperty' to 'T'	src\main\java\dev\railroadide\railroad\form\FormTransformer.java:90:10
1	ERROR	SEM_INCOMPATIBLE_ASSIGNMENT	Cannot assign 'dev.railroadide.railroad.form.UpdatableObjectProperty' to 'dev.railroadide.railroad.form.impl.ComboBoxComponent.Data'	src\main\java\dev\railroadide\railroad\form\impl\ComboBoxComponent.java:101:20
1	ERROR	SEM_INCOMPATIBLE_ASSIGNMENT	Cannot assign 'Object' to 'dev.railroadide.railroad.utility.function.ToStringFunction'	src\main\java\dev\railroadide\railroad\form\impl\ComboBoxComponent.java:476:36
1	ERROR	SEM_INCOMPATIBLE_ASSIGNMENT	Cannot assign 'T' to 'javafx.scene.layout.Border'	src\main\java\dev\railroadide\railroad\form\FormSection.java:55:9
1	ERROR	SEM_INCOMPATIBLE_ASSIGNMENT	Cannot assign 'dev.railroadide.railroad.form.FormComponent' to 'javafx.scene.Node'	src\main\java\dev\railroadide\railroad\form\FormSection.java:111:17
1	ERROR	SEM_INCOMPATIBLE_ASSIGNMENT	Cannot assign 'java.util.function.Supplier' to 'T'	src\main\java\dev\railroadide\railroad\form\impl\ComboBoxComponent.java:78:18
1	ERROR	SEM_INCOMPATIBLE_ASSIGNMENT	Cannot assign 'T' to 'dev.railroadide.railroadplugin.dto.FabricDataModel'	src\main\java\dev\railroadide\railroad\gradle\service\impl\ToolingGradleModelService.java:76:28
1	ERROR	SEM_INCOMPATIBLE_ASSIGNMENT	Cannot assign 'T' to 'dev.railroadide.railroadplugin.dto.RailroadProject'	src\main\java\dev\railroadide\railroad\gradle\service\impl\ToolingGradleModelService.java:75:28
1	ERROR	SEM_INCOMPATIBLE_ASSIGNMENT	Cannot assign 'dev.railroadide.railroad.ide.classparser.Type[]' to 'dev.railroadide.railroad.ide.classparser.Type'	src\main\java\dev\railroadide\railroad\ide\classparser\ClassStubVisitor.java:61:45
1	ERROR	SEM_INCOMPATIBLE_ASSIGNMENT	Cannot assign 'java.util.function.Function' to 'V'	src\main\java\dev\railroadide\railroad\form\FormTransformer.java:96:13
1	ERROR	SEM_INCOMPATIBLE_ASSIGNMENT	Cannot assign 'java.util.stream.Stream' to 'java.lang.String'	src\main\java\dev\railroadide\railroad\ide\completion\JdtCompletionProvider.java:243:15
1	ERROR	SEM_INCOMPATIBLE_ASSIGNMENT	Cannot assign 'T' to 'dev.railroadide.railroadplugin.dto.RailroadModule'	src\main\java\dev\railroadide\railroad\gradle\ui\tree\GradleModuleElement.java:22:9
1	ERROR	SEM_INCOMPATIBLE_ASSIGNMENT	Cannot assign 'dev.railroadide.railroad.ide.sst.semantic.api.Type.DeclaredType' to 'dev.railroadide.railroad.ide.sst.semantic.api.Type'	src\main\java\dev\railroadide\railroad\plugin\spi\inspection\JavaRuleContext.java:2599:13
1	ERROR	SEM_INCOMPATIBLE_ASSIGNMENT	Cannot assign 'dev.railroadide.railroad.settings.Setting' to 'dev.railroadide.railroad.settings.TerminalFontMode'	src\main\java\dev\railroadide\railroad\ide\ui\setup\TerminalFactory.java:197:25
1	ERROR	SEM_INCOMPATIBLE_ASSIGNMENT	Cannot assign 'java.util.Optional' to 'dev.railroadide.railroad.vcs.git.remote.GitRemote'	src\main\java\dev\railroadide\railroad\ide\ui\git\remote\GitRemoteActionsPane.java:376:22
1	ERROR	SEM_INCOMPATIBLE_ASSIGNMENT	Cannot assign 'dev.railroadide.railroad.ui.localized.LocalizedComboBox' to 'dev.railroadide.railroad.ide.runconfig.RunConfiguration'	src\main\java\dev\railroadide\railroad\ide\ui\setup\RunControlsPane.java:84:36
1	ERROR	SEM_INCOMPATIBLE_ASSIGNMENT	Cannot assign 'dev.railroadide.railroad.ide.sst.semantic.api.SemanticModel.Builder' to 'dev.railroadide.railroad.ide.sst.semantic.api.SemanticModel$Builder'	src\main\java\dev\railroadide\railroad\ide\sst\impl\java\JavaSemanticAnalyzer.java:188:30
1	ERROR	SEM_INCOMPATIBLE_ASSIGNMENT	Cannot assign 'T' to 'dev.railroadide.railroad.ide.ui.git.commit.list.GitCommitListViewPane.GitCommitListCell'	src\main\java\dev\railroadide\railroad\ide\ui\git\commit\list\GitCommitListViewPane.java:74:34
1	ERROR	SEM_INCOMPATIBLE_ASSIGNMENT	Cannot assign 'java.util.Optional' to 'javafx.scene.control.Tab'	src\main\java\dev\railroadide\railroad\ide\ui\git\commit\changes\FileItem.java:112:12
1	ERROR	SEM_INCOMPATIBLE_ASSIGNMENT	Cannot assign 'dev.railroadide.railroad.ide.language.LanguageFeatureFactory' to 'dev.railroadide.railroad.ide.completion.CompletionProvider'	src\main\java\dev\railroadide\railroad\ide\ui\codeeditor\CodeEditorConfig.java:34:27
1	ERROR	SEM_INCOMPATIBLE_ASSIGNMENT	Cannot assign 'char' to 'java.lang.Character'	src\main\java\dev\railroadide\railroad\ide\ui\codeeditor\CodeEditorPane.java:749:18
1	ERROR	SEM_INCOMPATIBLE_ASSIGNMENT	Cannot assign 'dev.railroadide.railroad.settings.Setting' to 'dev.railroadide.railroad.settings.IndentMode'	src\main\java\dev\railroadide\railroad\ide\ui\codeeditor\TextEditorPane.java:166:27
1	ERROR	SEM_INCOMPATIBLE_ASSIGNMENT	Cannot assign 'javafx.scene.control.ListCell' to 'T'	src\main\java\dev\railroadide\railroad\ide\ui\git\branches\AbstractGitBranchesListView.java:69:22
1	ERROR	SEM_INCOMPATIBLE_ASSIGNMENT	Cannot assign 'dev.railroadide.railroad.ide.language.LanguageFeatureFactory' to 'dev.railroadide.railroad.ide.diagnostics.DiagnosticsProvider'	src\main\java\dev\railroadide\railroad\ide\ui\codeeditor\CodeEditorConfig.java:37:28
1	ERROR	SEM_INCOMPATIBLE_ASSIGNMENT	Cannot assign 'T' to 'dev.railroadide.railroad.ide.ui.codeeditor.CodeEditorConfig'	src\main\java\dev\railroadide\railroad\ide\ui\codeeditor\CodeEditorPane.java:120:9
1	ERROR	SEM_INCOMPATIBLE_ASSIGNMENT	Cannot assign 'dev.railroadide.railroad.ide.language.LanguageFeatureFactory' to 'dev.railroadide.railroad.ide.signature.SignatureHelpProvider'	src\main\java\dev\railroadide\railroad\ide\ui\codeeditor\CodeEditorConfig.java:40:30
1	ERROR	SEM_INCOMPATIBLE_ASSIGNMENT	Cannot assign 'int' to 'long[]'	src\main\java\dev\railroadide\railroad\ide\sst\impl\java\JavaParserBenchmarkRunner.java:370:15
1	ERROR	SEM_INCOMPATIBLE_ASSIGNMENT	Cannot assign 'T' to 'dev.railroadide.railroad.plugin.spi.inspection.LanguageInspectionReporter'	src\main\java\dev\railroadide\railroad\plugin\spi\inspection\DefaultLanguageInspectionRuleReporter.java:20:9
1	ERROR	SEM_INCOMPATIBLE_ASSIGNMENT	Cannot assign 'T' to 'dev.railroadide.railroad.ide.sst.semantic.api.SemanticDiagnostic.Severity'	src\main\java\dev\railroadide\railroad\ide\sst\semantic\api\SemanticDiagnostic.java:21:9
1	ERROR	SEM_INCOMPATIBLE_ASSIGNMENT	Cannot assign 'T' to 'dev.railroadide.railroad.ide.sst.project.JavaProjectSemanticExtractor'	src\main\java\dev\railroadide\railroad\ide\sst\project\JavaProjectSemanticIndexer.java:24:9
1	ERROR	SEM_INCOMPATIBLE_ASSIGNMENT	Cannot assign 'T' to 'dev.railroadide.railroad.ide.sst.semantic.api.SemanticModel'	src\main\java\dev\railroadide\railroad\plugin\spi\inspection\JavaRuleContext.java:124:9
1	ERROR	SEM_INCOMPATIBLE_ASSIGNMENT	Cannot assign 'T' to 'dev.railroadide.railroad.plugin.spi.inspection.LanguageInspectionRule'	src\main\java\dev\railroadide\railroad\plugin\spi\inspection\DefaultLanguageInspectionRuleReporter.java:19:9
1	ERROR	SEM_INCOMPATIBLE_ASSIGNMENT	Cannot assign 'T' to 'dev.railroadide.railroad.plugin.spi.inspection.InspectionSettingsAccess'	src\main\java\dev\railroadide\railroad\plugin\spi\inspection\DefaultLanguageInspectionRuleReporter.java:21:9
1	ERROR	SEM_INCOMPATIBLE_ASSIGNMENT	Cannot assign 'T' to 'dev.railroadide.railroad.ide.sst.syntax.api.SyntaxNode'	src\main\java\dev\railroadide\railroad\ide\sst\syntax\api\SyntaxTree.java:22:9
1	ERROR	SEM_INCOMPATIBLE_ASSIGNMENT	Cannot assign 'java.util.Map' to 'dev.railroadide.railroad.ide.sst.impl.java.JavaTokenType'	src\main\java\dev\railroadide\railroad\ide\sst\impl\java\JavaLexer.java:326:26
1	ERROR	SEM_INCOMPATIBLE_ASSIGNMENT	Cannot assign 'T' to 'java.lang.CharSequence'	src\main\java\dev\railroadide\railroad\ide\sst\impl\java\JavaLexer.java:30:9
1	ERROR	SEM_INCOMPATIBLE_ASSIGNMENT	Cannot assign 'java.lang.Long' to 'long[]'	src\main\java\dev\railroadide\railroad\ide\sst\impl\java\JavaParserBenchmarkRunner.java:372:13
1	ERROR	SEM_INCOMPATIBLE_ASSIGNMENT	Cannot assign 'T' to 'dev.railroadide.railroad.ide.sst.syntax.api.SyntaxDiagnostic.Severity'	src\main\java\dev\railroadide\railroad\ide\sst\syntax\api\SyntaxDiagnostic.java:16:9
1	ERROR	SEM_INCOMPATIBLE_ASSIGNMENT	Cannot assign 'T' to 'dev.railroadide.railroad.ide.sst.syntax.api.SyntaxKind'	src\main\java\dev\railroadide\railroad\ide\sst\syntax\internal\GreenElement.java:14:9
1	ERROR	SEM_INCOMPATIBLE_ASSIGNMENT	Cannot assign 'T' to 'dev.railroadide.railroad.ide.sst.syntax.internal.GreenElement'	src\main\java\dev\railroadide\railroad\ide\sst\syntax\internal\RedElement.java:15:9
1	ERROR	SEM_INCOMPATIBLE_ASSIGNMENT	Cannot assign 'boolean' to 'int'	src\test\resources\dev\railroadide\railroad\ide\sst\impl\java\corpus\valid\07_expressions_all_forms.java:17:12
1	ERROR	SEM_INCOMPATIBLE_ASSIGNMENT	Cannot assign 'Math' to 'java.util.function.IntUnaryOperator'	src\test\resources\dev\railroadide\railroad\ide\sst\impl\java\corpus\valid\07_expressions_all_forms.java:14:44
1	ERROR	SEM_INCOMPATIBLE_ASSIGNMENT	Cannot assign 'void' to 'dev.railroadide.railroad.ide.sst.impl.java.JavaParserParitySupport$ParityResult'	src\test\java\dev\railroadide\railroad\ide\sst\impl\java\JavaProjectParityTest.java:29:49
1	ERROR	SEM_INCOMPATIBLE_ASSIGNMENT	Cannot assign 'NullableF' to 'dev.railroadide.railroad.ide.sst.project.JavaProjectSemanticIndex$SourceFileIndex'	src\test\java\dev\railroadide\railroad\ide\sst\project\ProjectLanguageIndexServiceTest.java:265:53
1	ERROR	SEM_INCOMPATIBLE_ASSIGNMENT	Cannot assign 'T' to 'java.lang.IllegalArgumentException'	src\test\java\dev\railroadide\railroad\plugin\PluginManagerTest.java:59:33
1	ERROR	SEM_INCOMPATIBLE_ASSIGNMENT	Cannot assign 'java.util.Optional' to 'dev.railroadide.railroad.plugin.spi.inspection.JavaInspectionRuleProvider'	src\test\java\dev\railroadide\railroad\plugin\PluginManagerTest.java:22:35
1	ERROR	SEM_INCOMPATIBLE_ASSIGNMENT	Cannot assign 'T' to 'com.google.gson.JsonArray'	src\main\java\dev\railroadide\railroad\theme\ThemeDownloadManager.java:139:13
1	ERROR	SEM_INCOMPATIBLE_ASSIGNMENT	Cannot assign 'T' to 'okhttp3.ResponseBody'	src\main\java\dev\railroadide\railroad\switchboard\SwitchboardClient.java:278:29
1	ERROR	SEM_INCOMPATIBLE_ASSIGNMENT	Cannot assign 'T[]' to 'javafx.scene.input.KeyCombination$Modifier[]'	src\main\java\dev\railroadide\railroad\settings\keybinds\KeyComboNode.java:80:9
1	ERROR	SEM_INCOMPATIBLE_ASSIGNMENT	Cannot assign 'int' to 'javafx.scene.input.KeyCombination$Modifier[]'	src\main\java\dev\railroadide\railroad\settings\keybinds\KeyComboNode.java:27:38
1	ERROR	SEM_INCOMPATIBLE_ASSIGNMENT	Cannot assign 'dev.railroadide.railroad.utility.FuzzySearch' to 'java.lang.String'	src\main\java\dev\railroadide\railroad\settings\SettingsSearchHandler.java:73:15
1	ERROR	SEM_INCOMPATIBLE_ASSIGNMENT	Cannot assign 'dev.railroadide.railroad.settings.Setting' to 'T'	src\main\java\dev\railroadide\railroad\settings\handler\SettingsHandler.java:138:10
1	ERROR	SEM_INCOMPATIBLE_ASSIGNMENT	Cannot assign 'dev.railroadide.railroad.java.JDK.Brand' to 'dev.railroadide.railroad.java.JDK$Brand'	src\main\java\dev\railroadide\railroad\settings\ui\DetectedJdkListPane.java:107:22
1	ERROR	SEM_INCOMPATIBLE_ASSIGNMENT	Cannot assign 'dev.railroadide.railroad.vcs.git.GitCommand.Builder' to 'dev.railroadide.railroad.vcs.git.GitCommand$Builder'	src\main\java\dev\railroadide\railroad\vcs\git\GitCommands.java:903:27
1	ERROR	SEM_INCOMPATIBLE_ASSIGNMENT	Cannot assign 'T' to 'javafx.beans.property.ReadOnlyBooleanProperty'	src\main\java\dev\railroadide\railroad\project\onboarding\step\OnboardingFormStep.java:49:9
1	ERROR	SEM_INCOMPATIBLE_ASSIGNMENT	Cannot assign 'T' to 'dev.railroadide.railroad.project.creation.modjson.FabricModJson'	src\main\java\dev\railroadide\railroad\project\onboarding\creation\step\UpdateFabricModJsonStep.java:87:30
1	ERROR	SEM_INCOMPATIBLE_ASSIGNMENT	Cannot assign 'dev.railroadide.railroad.switchboard.pojo.MinecraftVersion.Type' to 'dev.railroadide.railroad.switchboard.pojo.MinecraftVersion$Type'	src\main\java\dev\railroadide\railroad\project\onboarding\creation\step\ResolveFabricMdkVersionStep.java:41:30
1	ERROR	SEM_INCOMPATIBLE_ASSIGNMENT	Cannot assign 'java.util.function.Function' to 'T'	src\main\java\dev\railroadide\railroad\settings\Setting.java:363:14
1	ERROR	SEM_INCOMPATIBLE_ASSIGNMENT	Cannot assign 'dev.railroadide.railroad.settings.SettingCodec' to 'T'	src\main\java\dev\railroadide\railroad\settings\Setting.java:341:13
1	ERROR	SEM_INCOMPATIBLE_ASSIGNMENT	Cannot assign 'dev.railroadide.railroad.form.Form.Builder' to 'dev.railroadide.railroad.form.Form$Builder'	src\main\java\dev\railroadide\railroad\project\onboarding\step\OnboardingFormStep.java:414:37
1	ERROR	SEM_INCOMPATIBLE_ASSIGNMENT	Cannot assign 'T' to 'dev.railroadide.railroad.project.minecraft.MappingChannel'	src\main\java\dev\railroadide\railroad\project\onboarding\creation\step\UpdateGradlePropertiesStep.java:49:23
1	ERROR	SEM_INCOMPATIBLE_ASSIGNMENT	Cannot assign 'java.util.stream.Stream' to 'java.util.Set'	src\test\java\dev\railroadide\railroad\ide\diagnostics\inspections\CoreInspectionRulesTest.java:4643:20
1	ERROR	SEM_INCOMPATIBLE_ASSIGNMENT	Cannot assign 'java.util.List' to 'dev.railroadide.railroad.plugin.spi.inspection.JavaInspectionReporter'	src\test\java\dev\railroadide\railroad\ide\diagnostics\inspections\CoreInspectionRulesTest.java:4637:31
1	ERROR	SEM_INCOMPATIBLE_ASSIGNMENT	Cannot assign 'int' to 'java.lang.Long'	src\main\java\dev\railroadide\railroad\vcs\git\util\GitLocator.java:28:13
1	ERROR	SEM_INCOMPATIBLE_ASSIGNMENT	Cannot assign 'T' to 'dev.railroadide.railroad.project.License'	src\main\java\dev\railroadide\railroad\project\onboarding\creation\step\UpdateFabricModJsonStep.java:105:24
1	ERROR	SEM_INCOMPATIBLE_ASSIGNMENT	Cannot assign 'java.util.Optional' to 'dev.railroadide.railroad.vcs.git.util.GitSettings'	src\main\java\dev\railroadide\railroad\vcs\git\GitManager.java:410:20
1	ERROR	SEM_INCOMPATIBLE_ASSIGNMENT	Cannot assign 'java.util.Optional' to 'java.lang.Long'	src\main\java\dev\railroadide\railroad\vcs\git\GitManager.java:399:13
1	ERROR	SEM_INCOMPATIBLE_ASSIGNMENT	Cannot assign 'T' to 'java.time.Duration'	src\main\java\dev\railroadide\railroad\utility\ExpiringCache.java:23:9
1	ERROR	SEM_INCOMPATIBLE_ASSIGNMENT	Cannot assign 'dev.railroadide.railroad.form.UpdatableObjectProperty' to 'dev.railroadide.railroad.ide.runconfig.ui.form.FormRunConfigurationPicker'	src\main\java\dev\railroadide\railroad\ide\runconfig\ui\form\RunConfigurationPickerComponent.java:83:35
1	ERROR	SEM_INCOMPATIBLE_ASSIGNMENT	Cannot assign 'Objects' to 'java.util.function.Predicate'	src\main\java\dev\railroadide\railroad\ide\runconfig\ui\form\RunConfigurationPickerComponent.java:110:13
1	ERROR	SEM_INCOMPATIBLE_ASSIGNMENT	Cannot assign 'javafx.scene.control.MultipleSelectionModel' to 'dev.railroadide.railroad.ide.projectexplorer.dialog.CreateFileDialog.TypeSelection'	src\main\java\dev\railroadide\railroad\ide\projectexplorer\dialog\CreateFileDialog.java:81:26
1	ERROR	SEM_INCOMPATIBLE_ASSIGNMENT	Cannot assign 'dev.railroadide.railroad.ide.runconfig.RunConfiguration' to 'dev.railroadide.railroad.ide.runconfig.defaults.data.ShellScriptRunConfigurationData'	src\main\java\dev\railroadide\railroad\ide\runconfig\defaults\ShellScriptRunConfigurationType.java:87:44
1	ERROR	SEM_INCOMPATIBLE_ASSIGNMENT	Cannot assign 'T' to 'dev.railroadide.railroad.ide.runconfig.defaults.data.ShellScriptRunConfigurationData.ExecuteMode'	src\main\java\dev\railroadide\railroad\ide\runconfig\defaults\data\ShellScriptRunConfigurationData.java:114:9
1	ERROR	SEM_INCOMPATIBLE_ASSIGNMENT	Cannot assign 'org.eclipse.jdt.core.dom.ITypeBinding[]' to 'org.eclipse.jdt.core.dom.ITypeBinding'	src\main\java\dev\railroadide\railroad\ide\signature\JdtJavaSignatureHelpProvider.java:193:25
1	ERROR	SEM_INCOMPATIBLE_ASSIGNMENT	Cannot assign 'T' to 'org.kordamp.ikonli.Ikon'	src\main\java\dev\railroadide\railroad\ide\runconfig\RunConfigurationType.java:29:9
1	ERROR	SEM_INCOMPATIBLE_ASSIGNMENT	Cannot assign 'dev.railroadide.railroad.form.UpdatableObjectProperty' to 'dev.railroadide.railroad.form.ui.FormRadioButtonGroup'	src\main\java\dev\railroadide\railroad\form\impl\RadioButtonGroupComponent.java:82:36
1	ERROR	SEM_INCOMPATIBLE_ASSIGNMENT	Cannot assign 'javafx.beans.value.ObservableValue' to 'javafx.scene.Node'	src\main\java\dev\railroadide\railroad\form\impl\RadioButtonGroupComponent.java:218:21
1	ERROR	SEM_INCOMPATIBLE_ASSIGNMENT	Cannot assign 'Enum' to 'java.util.function.Function'	src\main\java\dev\railroadide\railroad\form\impl\RadioButtonGroupComponent.java:248:36
1	ERROR	SEM_INCOMPATIBLE_ASSIGNMENT	Cannot assign 'dev.railroadide.railroad.ide.runconfig.RunConfiguration' to 'dev.railroadide.railroad.ide.runconfig.defaults.data.GradleRunConfigurationData'	src\main\java\dev\railroadide\railroad\ide\runconfig\defaults\GradleRunConfigurationType.java:137:35
1	ERROR	SEM_INCOMPATIBLE_ASSIGNMENT	Cannot assign 'T' to 'javafx.scene.paint.Paint'	src\main\java\dev\railroadide\railroad\ide\runconfig\RunConfigurationType.java:30:9
1	ERROR	SEM_INCOMPATIBLE_ASSIGNMENT	Cannot assign 'T' to 'D'	src\main\java\dev\railroadide\railroad\ide\runconfig\RunConfiguration.java:196:10
1	ERROR	SEM_INCOMPATIBLE_ASSIGNMENT	Cannot assign 'dev.railroadide.railroad.ide.runconfig.RunConfiguration' to 'dev.railroadide.railroad.ide.runconfig.defaults.data.JavaApplicationRunConfigurationData'	src\main\java\dev\railroadide\railroad\ide\runconfig\defaults\JavaApplicationRunConfigurationType.java:84:44
1	ERROR	SEM_INCOMPATIBLE_ASSIGNMENT	Cannot assign 'NullableT' to 'dev.railroadide.railroad.ide.language.impl.index.JavaLanguageIndexContext'	src\main\java\dev\railroadide\railroad\ide\language\impl\index\JavaAnalysisContextProvider.java:41:33
1	ERROR	SEM_INCOMPATIBLE_ASSIGNMENT	Cannot assign 'dev.railroadide.railroad.ide.language.index.ProjectLanguageIndexer' to 'F'	src\main\java\dev\railroadide\railroad\ide\language\index\ProjectLanguageIndexService.java:179:10
1	ERROR	SEM_INCOMPATIBLE_ASSIGNMENT	Cannot assign 'T' to 'dev.railroadide.railroad.ide.language.index.ProjectLanguageIndexService'	src\main\java\dev\railroadide\railroad\ide\language\index\ProjectLanguageIndexCoordinator.java:35:9
1	ERROR	SEM_INCOMPATIBLE_ASSIGNMENT	Cannot assign 'T' to 'java.util.concurrent.CompletableFuture'	src\main\java\dev\railroadide\railroad\utility\ExpiringCache.java:39:33
1	ERROR	SEM_INCOMPATIBLE_ASSIGNMENT	Cannot assign 'T' to 'dev.railroadide.railroad.ide.diagnostics.inspections.SimpleJavaInspectionRule.Evaluator'	src\main\java\dev\railroadide\railroad\ide\diagnostics\inspections\SimpleJavaInspectionRule.java:34:9
1	ERROR	SEM_INCOMPATIBLE_ASSIGNMENT	Cannot assign 'java.util.Map' to 'dev.railroadide.railroad.ide.indexing.TrieNode'	src\main\java\dev\railroadide\railroad\ide\indexing\Trie.java:12:13
1	ERROR	SEM_INCOMPATIBLE_ASSIGNMENT	Cannot assign 'java.util.Optional' to 'boolean'	src\main\java\dev\railroadide\railroad\ide\diagnostics\inspections\CoreAssertionCanBeReplacedWithIfStatementInspection.java:49:20
1	ERROR	SEM_INCOMPATIBLE_ASSIGNMENT	Cannot assign 'T' to 'dev.railroadide.railroad.ide.runconfig.RunConfiguration[]'	src\main\java\dev\railroadide\railroad\ide\runconfig\defaults\data\CompoundRunConfigurationData.java:89:30
1	ERROR	SEM_INCOMPATIBLE_ASSIGNMENT	Cannot assign 'dev.railroadide.railroad.ide.runconfig.defaults.data.ShellScriptRunConfigurationData$ExecuteMode' to 'dev.railroadide.railroad.ide.runconfig.defaults.data.ShellScriptRunConfigurationData.ExecuteMode'	src\main\java\dev\railroadide\railroad\ide\runconfig\defaults\ShellScriptRunConfigurationType.java:146:20
1	ERROR	SEM_INCOMPATIBLE_ASSIGNMENT	Cannot assign 'dev.railroadide.railroad.ide.runconfig.RunConfiguration' to 'dev.railroadide.railroad.ide.runconfig.defaults.data.JarApplicationRunConfigurationData'	src\main\java\dev\railroadide\railroad\ide\runconfig\defaults\JarApplicationRunConfigurationType.java:30:47
1	ERROR	SEM_INCOMPATIBLE_ASSIGNMENT	Cannot assign 'dev.railroadide.railroad.registry.Registry' to 'dev.railroadide.railroad.plugin.spi.inspection.LanguageInspectionProvider'	src\main\java\dev\railroadide\railroad\ide\diagnostics\JavaInspectionRegistries.java:98:35
1	ERROR	SEM_INCOMPATIBLE_ASSIGNMENT	Cannot assign 'dev.railroadide.railroad.plugin.spi.inspection.JavaRuleContext.ImportIndex' to 'dev.railroadide.railroad.plugin.spi.inspection.JavaRuleContext$ImportIndex'	src\main\java\dev\railroadide\railroad\ide\diagnostics\inspections\CoreImportInspection.java:82:36
1	ERROR	SEM_INCOMPATIBLE_ASSIGNMENT	Cannot assign 'java.util.Optional' to 'dev.railroadide.railroad.ide.language.LanguageSupport'	src\main\java\dev\railroadide\railroad\ide\projectexplorer\ProjectExplorerPane.java:296:24
